attempt_id,user_id,created_at,is_synthetic,target_score,next_percentage,next_pass,previous_score,previous_percentage,previous_2_attempt_avg,previous_3_attempt_avg,previous_5_attempt_avg,overall_previous_avg,median_previous_score,best_previous_score,worst_previous_score,score_range,score_std,ewma_03,ewma_05,recent_score_trend,long_term_score_trend,recent_vs_overall_average,improvement_from_first_attempt,rolling_slope_3,rolling_slope_5,consecutive_improvements,consecutive_declines,total_passes,total_failures,historical_pass_rate,recent_3_pass_rate,consecutive_passes,consecutive_failures,attempt_order_by_user,total_previous_attempts,attempts_last_7_days,attempts_last_14_days,attempts_last_30_days,average_days_between_attempts,time_gap_std,days_since_previous_attempt,days_since_first_attempt,attempt_frequency,previous_easy_count,previous_medium_count,previous_hard_count,previous_hard_ratio,previous_average_easy_score,previous_average_medium_score,previous_average_hard_score,difficulty_transition_delta,difficulty_easy,difficulty_medium,difficulty_hard,unique_videos_seen,total_previous_video_interactions,repeated_video_ratio,number_of_videos_in_recent_attempts
735,3,2026-04-03 17:14:09.062035,1,19,63.33,0,26.0,65.0,65.0,65.0,65.0,65.0,65.0,65.0,65.0,0.0,0.0,65.0,65.0,0.0,0.0,0.0,0.0,0.0,0.0,0,0,0,1,0.0,0.0,0,1,2,1,1,1,1,0.0,0.0,1.2083333333333333,1.2083333333333333,0.45283018867924535,1,0,0,0.0,65.0,65.0,65.0,1.0,0,1,0,1,1,0.0,1
736,3,2026-04-08 20:14:09.062035,1,12,60.0,0,19.0,63.33,64.16499999999999,64.16499999999999,64.16499999999999,64.16499999999999,64.16499999999999,65.0,63.33,1.6700000000000017,1.1808683245815357,64.499,64.16499999999999,-1.6700000000000017,-1.6700000000000017,0.0,-1.6700000000000017,0.0,0.0,0,1,0,2,0.0,0.0,0,2,3,2,2,2,2,1.2083333333333333,0.0,5.125,6.333333333333333,0.27272727272727276,1,1,0,0.0,65.0,63.33,64.16499999999999,1.0,0,0,1,2,2,0.0,1
737,3,2026-04-16 05:14:09.062035,1,19,63.33,0,12.0,60.0,61.665,62.776666666666664,62.776666666666664,62.776666666666664,63.33,65.0,60.0,5.0,2.545512391117618,63.1493,62.082499999999996,-3.3299999999999983,-5.0,-1.1116666666666646,-5.0,-2.4999999999999996,-2.4999999999999996,0,2,0,3,0.0,0.0,0,3,4,3,0,3,3,3.1666666666666665,2.769501559647311,7.375,13.708333333333334,0.20396600566572237,1,1,1,0.3333333333333333,65.0,63.33,60.0,0.0,0,0,1,2,3,0.33333333333333337,1
738,3,2026-04-18 15:14:09.062035,1,19,76.0,1,19.0,63.33,61.665,62.22,62.91499999999999,62.91499999999999,63.33,65.0,60.0,5.0,2.096735557956701,63.203509999999994,62.70625,3.3299999999999983,-1.6700000000000017,-1.249999999999993,-1.6700000000000017,0.0,0.0,1,0,0,4,0.0,0.0,0,4,5,4,1,2,4,4.569444444444444,3.120645113742658,2.4166666666666665,16.125,0.23357664233576642,1,1,2,0.5,65.0,63.33,61.665,-2.0,1,0,0,3,4,0.25,1
739,3,2026-04-19 16:14:09.062035,1,36,72.0,1,19.0,76.0,69.66499999999999,66.44333333333333,65.532,65.532,63.33,76.0,60.0,16.0,6.127044148690297,67.042457,69.353125,12.670000000000002,11.0,4.132999999999996,11.0,8.000000000000002,2.2,2,0,1,4,0.2,0.3333333333333333,1,0,6,5,2,3,5,4.03125,2.766025486278234,1.0416666666666667,17.166666666666668,0.2752293577981651,2,1,2,0.4,70.5,63.33,61.665,1.0,0,1,0,3,5,0.4,1
741,4,2026-07-03 06:14:09.062147,1,23,57.5,0,11.0,55.0,55.0,55.0,55.0,55.0,55.0,55.0,55.0,0.0,0.0,55.0,55.0,0.0,0.0,0.0,0.0,0.0,0.0,0,0,0,1,0.0,0.0,0,1,2,1,1,1,1,0.0,0.0,3.2083333333333335,3.2083333333333335,0.23762376237623759,0,0,1,1.0,55.0,55.0,55.0,0.0,0,0,1,1,1,0.0,1
742,4,2026-07-07 07:14:09.062147,1,20,66.67,0,23.0,57.5,56.25,56.25,56.25,56.25,56.25,57.5,55.0,2.5,1.7677669529663689,55.75,56.25,2.5,2.5,0.0,2.5,0.0,0.0,1,0,0,2,0.0,0.0,0,2,3,2,1,2,2,3.2083333333333335,0.0,4.041666666666667,7.25,0.24242424242424243,0,0,2,1.0,56.25,56.25,56.25,-1.0,0,1,0,2,2,0.0,1
743,4,2026-07-11 11:14:09.062147,1,29,72.5,1,20.0,66.67,62.085,59.723333333333336,59.723333333333336,59.723333333333336,57.5,66.67,55.0,11.670000000000002,6.1444799074725065,59.025999999999996,61.46,9.170000000000002,11.670000000000002,2.3616666666666646,11.670000000000002,5.834999999999993,5.834999999999993,2,0,0,3,0.0,0.0,0,3,4,3,1,3,3,3.625,0.5892556509887897,4.166666666666667,11.416666666666666,0.24161073825503357,0,1,2,0.6666666666666666,59.723333333333336,66.67,56.25,-1.0,1,0,0,2,3,0.33333333333333337,1
744,4,2026-07-18 17:14:09.062147,1,17,68.0,0,29.0,72.5,69.58500000000001,65.55666666666667,62.917500000000004,62.917500000000004,62.085,72.5,55.0,17.5,8.122841764637135,63.0682,66.98,5.829999999999998,17.5,6.667500000000004,17.5,7.499999999999999,7.499999999999999,3,0,1,3,0.25,0.3333333333333333,1,0,5,4,0,2,4,3.805555555555556,0.5209722037086404,7.25,18.666666666666668,0.20338983050847456,1,1,2,0.5,72.5,66.67,56.25,1.0,0,1,0,2,4,0.5,1
745,4,2026-07-20 20:14:09.062147,1,26,65.0,0,17.0,68.0,70.25,69.05666666666667,63.934000000000005,63.934000000000005,66.67,72.5,55.0,17.5,7.392684221580144,64.54774,67.49000000000001,-4.5,13.0,6.315999999999995,13.0,0.6649999999999954,4.1000000000000005,0,1,1,4,0.2,0.3333333333333333,0,1,6,5,1,3,5,4.666666666666667,1.7739759696063362,2.125,20.791666666666668,0.2294455066921606,1,2,2,0.4,72.5,67.33500000000001,56.25,0.0,0,1,0,3,5,0.4,1
746,4,2026-07-23 04:14:09.062147,1,36,72.0,1,26.0,65.0,66.5,68.5,65.934,64.11166666666666,65.83500000000001,72.5,55.0,17.5,6.626523724145765,64.683418,66.245,-3.0,10.0,2.3883333333333354,10.0,-3.7499999999999902,1.632999999999998,0,2,1,5,0.16666666666666666,0.3333333333333333,0,2,7,6,2,3,6,4.158333333333333,1.9110878955308268,2.3333333333333335,23.125,0.24870466321243523,1,3,2,0.3333333333333333,72.5,66.55666666666667,56.25,-1.0,1,0,0,3,6,0.5,1
747,4,2026-07-25 06:14:09.062147,1,29,72.5,1,36.0,72.0,68.5,68.33333333333333,68.834,65.23857142857143,66.67,72.5,55.0,17.5,6.744015689412921,66.8783926,69.1225,7.0,17.0,3.261428571428567,17.0,1.999999999999991,0.3159999999999965,1,0,2,5,0.2857142857142857,0.3333333333333333,1,0,8,7,3,4,7,3.8541666666666665,1.8646473452699366,2.0833333333333335,25.208333333333332,0.2670906200317965,2,3,2,0.2857142857142857,72.25,66.55666666666667,56.25,0.0,1,0,0,3,7,0.5714285714285714,1
748,4,2026-07-28 15:14:09.062147,1,36,72.0,1,29.0,72.5,72.25,69.83333333333333,70.0,66.14625000000001,67.33500000000001,72.5,55.0,17.5,6.750955355672686,68.56487482,70.81125,0.5,17.5,6.103749999999991,17.5,3.7499999999999933,0.39999999999999597,2,0,3,5,0.375,0.6666666666666666,2,0,9,8,2,4,8,3.601190476190476,1.8290444060091704,3.375,28.583333333333332,0.27042253521126763,3,3,2,0.25,72.33333333333333,66.55666666666667,56.25,1.0,0,1,0,3,8,0.625,1
749,4,2026-07-29 16:14:09.062147,1,29,72.5,1,36.0,72.0,72.25,72.16666666666667,69.9,66.79666666666668,68.0,72.5,55.0,17.5,6.609527214559299,69.59541237399999,71.405625,-0.5,17.0,5.453333333333319,17.0,-6.35528743231302e-15,1.549999999999998,0,1,4,5,0.4444444444444444,1.0,3,0,10,9,3,5,9,3.572916666666667,1.6952533523256719,1.0416666666666667,29.625,0.2938775510204082,3,4,2,0.2222222222222222,72.33333333333333,67.9175,56.25,1.0,0,0,1,3,9,0.6666666666666667,1
751,5,2026-06-05 08:14:09.062221,1,19,63.33,0,12.0,60.0,60.0,60.0,60.0,60.0,60.0,60.0,60.0,0.0,0.0,60.0,60.0,0.0,0.0,0.0,0.0,0.0,0.0,0,0,0,1,0.0,0.0,0,1,2,1,1,1,1,0.0,0.0,1.1666666666666667,1.1666666666666667,0.46153846153846145,1,0,0,0.0,60.0,60.0,60.0,1.0,0,1,0,1,1,0.0,1
752,5,2026-06-10 18:14:09.062221,1,14,70.0,1,19.0,63.33,61.665,61.665,61.665,61.665,61.665,63.33,60.0,3.3299999999999983,2.354665581351202,60.998999999999995,61.665,3.3299999999999983,3.3299999999999983,0.0,3.3299999999999983,0.0,0.0,1,0,0,2,0.0,0.0,0,2,3,2,2,2,2,1.1666666666666667,0.0,5.416666666666667,6.583333333333333,0.26373626373626374,1,1,0,0.0,60.0,63.33,61.665,-1.0,1,0,0,2,2,0.0,1
753,5,2026-06-12 19:14:09.062221,1,36,72.0,1,14.0,70.0,66.66499999999999,64.44333333333333,64.44333333333333,64.44333333333333,63.33,70.0,60.0,10.0,5.0921148193391454,63.699299999999994,65.8325,6.670000000000002,10.0,2.221666666666664,10.0,4.999999999999999,4.999999999999999,2,0,1,2,0.3333333333333333,0.3333333333333333,1,0,4,3,1,3,3,3.291666666666667,3.005203820042827,2.0416666666666665,8.625,0.3116883116883117,2,1,0,0.0,65.0,63.33,64.44333333333333,0.0,1,0,0,3,3,0.0,1
754,5,2026-06-14 20:14:09.062221,1,40,80.0,1,36.0,72.0,71.0,68.44333333333333,66.3325,66.3325,66.66499999999999,72.0,60.0,12.0,5.618026788828975,66.18950999999998,68.91624999999999,2.0,12.0,4.667500000000004,12.0,4.334999999999991,4.334999999999991,3,0,2,2,0.5,0.6666666666666666,2,0,5,4,2,4,4,2.875,2.2442055015825386,2.0416666666666665,10.666666666666666,0.34285714285714286,3,1,0,0.0,67.33333333333333,63.33,66.3325,0.0,1,0,0,3,4,0.25,1
755,5,2026-06-15 23:14:09.062221,1,30,75.0,1,40.0,80.0,76.0,74.0,69.066,69.066,70.0,80.0,60.0,20.0,7.8122839170117215,70.33265699999998,74.458125,8.0,20.0,6.9339999999999975,20.0,4.999999999999999,4.8670000000000035,4,0,3,2,0.6,1.0,3,0,6,5,3,5,5,2.6666666666666665,1.8791620472966137,1.125,11.791666666666666,0.39087947882736157,4,1,0,0.0,70.5,63.33,69.066,1.0,0,1,0,3,5,0.4,1
756,5,2026-06-18 03:14:09.062221,1,22,73.33,1,30.0,75.0,77.5,75.66666666666667,72.066,70.05499999999999,71.0,80.0,60.0,20.0,7.395549337270356,71.7328599,74.7290625,-5.0,15.0,7.445000000000007,15.0,1.4999999999999916,3.3339999999999974,0,1,4,2,0.6666666666666666,1.0,4,0,7,6,3,6,6,2.3583333333333334,1.7674231870783585,2.1666666666666665,13.958333333333334,0.4011142061281337,4,2,0,0.0,70.5,69.16499999999999,70.05499999999999,1.0,0,0,1,3,6,0.5,1
757,5,2026-06-19 11:14:09.062221,1,36,90.0,1,22.0,73.33,74.16499999999999,76.11,74.066,70.52285714285713,72.0,80.0,60.0,20.0,6.863722785499898,72.21200192999999,74.02953124999999,-1.6700000000000017,13.329999999999998,3.642142857142858,13.329999999999998,-3.335000000000002,0.9659999999999944,0,2,5,2,0.7142857142857143,1.0,5,0,8,7,4,5,7,2.326388888888889,1.5827667114780255,1.3333333333333333,15.291666666666666,0.42966751918158574,4,2,1,0.14285714285714285,70.5,69.16499999999999,73.33,-2.0,1,0,0,3,7,0.5714285714285714,1
759,6,2026-05-13 17:14:09.062278,1,35,70.0,1,14.0,56.0,56.0,56.0,56.0,56.0,56.0,56.0,56.0,0.0,0.0,56.0,56.0,0.0,0.0,0.0,0.0,0.0,0.0,0,0,0,1,0.0,0.0,0,1,2,1,1,1,1,0.0,0.0,1.0833333333333333,1.0833333333333333,0.4800000000000001,0,1,0,0.0,56.0,56.0,56.0,-1.0,1,0,0,1,1,0.0,1
760,6,2026-05-20 23:14:09.062278,1,17,68.0,0,35.0,70.0,63.0,63.0,63.0,63.0,63.0,70.0,56.0,14.0,9.899494936611665,60.199999999999996,63.0,14.0,14.0,0.0,14.0,0.0,0.0,1,0,1,1,0.5,0.5,1,0,3,2,0,2,2,1.0833333333333333,0.0,7.25,8.333333333333334,0.21428571428571427,1,1,0,0.0,70.0,56.0,63.0,2.0,0,0,1,2,2,0.0,1
761,6,2026-05-26 08:14:09.062278,1,16,80.0,1,17.0,68.0,69.0,64.66666666666667,64.66666666666667,64.66666666666667,68.0,70.0,56.0,14.0,7.571877794400366,62.53999999999999,65.5,-2.0,12.0,4.333333333333329,12.0,5.999999999999998,5.999999999999998,0,1,1,2,0.3333333333333333,0.3333333333333333,0,1,4,3,1,3,3,4.166666666666667,4.360491817317044,5.375,13.708333333333334,0.20396600566572237,1,1,1,0.3333333333333333,70.0,56.0,68.0,-2.0,1,0,0,3,3,0.0,1
762,6,2026-05-31 13:14:09.062278,1,24,80.0,1,16.0,80.0,74.0,72.66666666666667,68.5,68.5,69.0,80.0,56.0,24.0,9.848857801796104,67.77799999999999,72.75,12.0,24.0,5.5,24.0,5.000000000000003,5.000000000000003,1,0,2,2,0.5,0.6666666666666666,1,0,5,4,1,2,4,4.569444444444445,3.1612709879507737,5.208333333333333,18.916666666666668,0.200836820083682,2,1,1,0.25,75.0,56.0,68.0,0.0,1,0,0,3,4,0.25,1
763,6,2026-06-04 19:14:09.062278,1,17,85.0,1,24.0,80.0,80.0,76.0,70.8,70.8,70.0,80.0,56.0,24.0,9.959919678390985,71.4446,76.375,0.0,24.0,9.200000000000003,24.0,5.999999999999998,5.799999999999995,0,0,3,2,0.6,0.6666666666666666,2,0,6,5,1,2,5,4.729166666666667,2.600859010517985,4.25,23.166666666666668,0.20689655172413793,3,1,1,0.2,76.66666666666667,56.0,68.0,1.0,0,1,0,3,5,0.4,1
764,6,2026-06-07 05:14:09.062278,1,27,90.0,1,17.0,85.0,82.5,81.66666666666667,76.6,73.16666666666667,75.0,85.0,56.0,29.0,10.628577828979129,75.51122,80.6875,5.0,29.0,9.333333333333329,29.0,2.4999999999999996,4.199999999999997,1,0,4,2,0.6666666666666666,1.0,3,0,7,6,2,3,6,4.633333333333334,2.2625805694678216,2.4166666666666665,25.583333333333332,0.22570532915360503,3,2,1,0.16666666666666666,76.66666666666667,70.5,68.0,0.0,0,1,0,3,6,0.5,1
765,6,2026-06-08 07:14:09.062278,1,36,90.0,1,27.0,90.0,87.5,85.0,80.6,75.57142857142857,80.0,90.0,56.0,34.0,11.60254487683834,79.857854,85.34375,5.0,34.0,11.92857142857143,34.0,5.000000000000009,4.8999999999999995,2,0,5,2,0.7142857142857143,1.0,4,0,8,7,2,4,7,4.263888888888889,2.2168337447476416,1.0833333333333333,26.666666666666668,0.25301204819277107,3,3,1,0.14285714285714285,76.66666666666667,77.0,68.0,0.0,0,1,0,3,7,0.5714285714285714,1
766,6,2026-06-09 16:14:09.062278,1,25,83.33,1,36.0,90.0,90.0,88.33333333333333,85.0,77.375,80.0,90.0,56.0,34.0,11.891623702662066,82.9004978,87.671875,0.0,34.0,12.625,34.0,2.4999999999999996,2.999999999999996,0,0,6,2,0.75,1.0,5,0,9,8,3,4,8,3.8095238095238098,2.3538110772323226,1.375,28.041666666666668,0.27546628407460544,3,4,1,0.125,76.66666666666667,80.25,68.0,1.0,0,0,1,3,8,0.625,1
768,7,2026-03-16 04:14:09.062344,1,20,50.0,0,18.0,45.0,45.0,45.0,45.0,45.0,45.0,45.0,45.0,0.0,0.0,45.0,45.0,0.0,0.0,0.0,0.0,0.0,0.0,0,0,0,1,0.0,0.0,0,1,2,1,1,1,1,0.0,0.0,4.125,4.125,0.1951219512195122,0,1,0,0.0,45.0,45.0,45.0,0.0,0,1,0,1,1,0.0,1
769,7,2026-03-18 14:14:09.062344,1,16,53.33,0,20.0,50.0,47.5,47.5,47.5,47.5,47.5,50.0,45.0,5.0,3.5355339059327378,46.5,47.5,5.0,5.0,0.0,5.0,0.0,0.0,1,0,0,2,0.0,0.0,0,2,3,2,2,2,2,4.125,0.0,2.4166666666666665,6.541666666666667,0.26519337016574585,0,2,0,0.0,47.5,47.5,47.5,0.0,0,1,0,1,2,0.5,1
770,7,2026-03-19 18:14:09.062344,1,24,60.0,0,16.0,53.33,51.665,49.44333333333333,49.44333333333333,49.44333333333333,50.0,53.33,45.0,8.329999999999998,4.192807333199718,48.54899999999999,50.415,3.3299999999999983,8.329999999999998,2.221666666666671,8.329999999999998,4.1649999999999965,4.1649999999999965,2,0,0,3,0.0,0.0,0,3,4,3,2,3,3,3.270833333333333,1.2079740845270188,1.1666666666666667,7.708333333333333,0.3444976076555024,0,3,0,0.0,49.44333333333333,49.44333333333333,49.44333333333333,0.0,0,1,0,2,3,0.33333333333333337,1
771,7,2026-03-21 23:14:09.062344,1,21,70.0,1,24.0,60.0,56.665,54.44333333333333,52.082499999999996,52.082499999999996,51.665,60.0,45.0,15.0,6.2913081575562115,51.98429999999999,55.207499999999996,6.670000000000002,15.0,4.582500000000003,15.0,4.9999999999999964,4.9999999999999964,3,0,0,4,0.0,0.0,0,4,5,4,3,4,4,2.569444444444444,1.4850723264591577,2.2083333333333335,9.916666666666666,0.366412213740458,0,4,0,0.0,52.082499999999996,52.082499999999996,52.082499999999996,-1.0,1,0,0,3,4,0.25,1
772,7,2026-03-26 01:14:09.062344,1,18,72.0,1,21.0,70.0,65.0,61.10999999999999,55.666,55.666,53.33,70.0,45.0,25.0,9.68982868785615,57.38900999999999,62.60375,10.0,25.0,9.334000000000003,25.0,8.335000000000004,5.999999999999996,4,0,1,4,0.2,0.3333333333333333,1,0,6,5,2,5,5,2.4791666666666665,1.2259255762559644,4.083333333333333,14.0,0.3333333333333333,1,4,0,0.0,70.0,52.082499999999996,55.666,2.0,0,0,1,3,5,0.4,1
773,7,2026-03-27 05:14:09.062344,1,17,85.0,1,18.0,72.0,71.0,67.33333333333333,61.065999999999995,58.38833333333333,56.665,72.0,45.0,27.0,10.9353013980716,61.772306999999984,67.301875,2.0,27.0,12.611666666666672,27.0,6.000000000000004,6.0669999999999975,5,0,2,4,0.3333333333333333,0.6666666666666666,2,0,7,6,2,5,6,2.8,1.2813431537951798,1.1666666666666667,15.166666666666666,0.37113402061855677,1,4,1,0.16666666666666666,70.0,52.082499999999996,72.0,-2.0,1,0,0,3,6,0.5,1
774,7,2026-04-03 14:14:09.062344,1,33,82.5,1,17.0,85.0,78.5,75.66666666666667,68.066,62.19,60.0,85.0,45.0,40.0,14.171075000389585,68.74061489999998,76.1509375,13.0,40.0,16.310000000000002,40.0,7.499999999999993,7.533999999999995,6,0,3,4,0.42857142857142855,1.0,3,0,8,7,0,3,7,2.5277777777777777,1.3259343316514025,7.375,22.541666666666668,0.2973451327433628,2,4,1,0.14285714285714285,77.5,52.082499999999996,72.0,1.0,0,1,0,3,7,0.5714285714285714,1
776,8,2026-05-08 23:14:09.062399,1,28,56.0,0,25.0,50.0,50.0,50.0,50.0,50.0,50.0,50.0,50.0,0.0,0.0,50.0,50.0,0.0,0.0,0.0,0.0,0.0,0.0,0,0,0,1,0.0,0.0,0,1,2,1,1,1,1,0.0,0.0,3.0416666666666665,3.0416666666666665,0.24742268041237117,0,1,0,0.0,50.0,50.0,50.0,0.0,0,1,0,1,1,0.0,1
777,8,2026-05-16 03:14:09.062399,1,17,56.67,0,28.0,56.0,53.0,53.0,53.0,53.0,53.0,56.0,50.0,6.0,4.242640687119285,51.8,53.0,6.0,6.0,0.0,6.0,0.0,0.0,1,0,0,2,0.0,0.0,0,2,3,2,0,2,2,3.0416666666666665,0.0,7.166666666666667,10.208333333333334,0.17843866171003717,0,2,0,0.0,53.0,53.0,53.0,0.0,0,1,0,1,2,0.5,1
778,8,2026-05-23 08:14:09.062399,1,13,65.0,0,17.0,56.67,56.335,54.223333333333336,54.223333333333336,54.223333333333336,56.0,56.67,50.0,6.670000000000002,3.6728236185982768,53.260999999999996,54.835,0.6700000000000017,6.670000000000002,2.1116666666666646,6.670000000000002,3.334999999999999,3.334999999999999,2,0,0,3,0.0,0.0,0,3,4,3,0,1,3,5.104166666666667,2.916815472394509,7.208333333333333,17.416666666666668,0.16289592760180993,0,3,0,0.0,54.223333333333336,54.223333333333336,54.223333333333336,0.0,0,1,0,2,3,0.33333333333333337,1
779,8,2026-05-28 13:14:09.062399,1,35,70.0,1,13.0,65.0,60.835,59.223333333333336,56.917500000000004,56.917500000000004,56.335,65.0,50.0,15.0,6.166621846683968,56.78269999999999,59.917500000000004,8.329999999999998,15.0,3.917499999999997,15.0,4.499999999999994,4.499999999999994,3,0,0,4,0.0,0.0,0,4,5,4,1,2,4,5.805555555555556,2.3936886535993716,5.208333333333333,22.625,0.1693121693121693,0,4,0,0.0,56.917500000000004,56.917500000000004,56.917500000000004,-1.0,1,0,0,3,4,0.25,1
780,8,2026-06-01 16:14:09.062399,1,37,74.0,1,35.0,70.0,67.5,63.89000000000001,59.534000000000006,59.534000000000006,56.67,70.0,50.0,20.0,7.921538991887877,60.74788999999999,64.95875000000001,5.0,20.0,7.965999999999994,20.0,6.664999999999994,4.899999999999998,4,0,1,4,0.2,0.3333333333333333,1,0,6,5,1,2,5,5.65625,1.9771188235896682,4.125,26.75,0.18018018018018017,1,4,0,0.0,70.0,56.917500000000004,59.534000000000006,1.0,0,1,0,3,5,0.4,1
781,8,2026-06-02 20:14:09.062399,1,39,78.0,1,37.0,74.0,72.0,69.66666666666667,64.334,61.945,60.835,74.0,50.0,24.0,9.223781762379247,64.72352299999999,69.479375,4.0,24.0,10.055,24.0,4.500000000000012,4.932999999999993,5,0,2,4,0.3333333333333333,0.6666666666666666,2,0,7,6,2,3,6,5.35,1.8440971895332539,1.1666666666666667,27.916666666666668,0.207492795389049,1,5,0,0.0,70.0,60.334,61.945,1.0,0,0,1,3,6,0.5,1
782,8,2026-06-04 04:14:09.062399,1,17,85.0,1,39.0,78.0,76.0,74.0,68.73400000000001,64.23857142857143,65.0,78.0,50.0,28.0,10.378908787490504,68.70646609999999,73.7396875,4.0,28.0,11.761428571428567,28.0,3.999999999999991,5.1659999999999915,6,0,3,4,0.42857142857142855,1.0,3,0,8,7,3,4,7,4.652777777777778,2.3742932671678365,1.3333333333333333,29.25,0.23140495867768596,1,5,1,0.14285714285714285,70.0,60.334,78.0,-1.0,0,1,0,3,7,0.5714285714285714,1
783,8,2026-06-05 14:14:09.062399,1,35,87.5,1,17.0,85.0,81.5,79.0,74.4,66.83375000000001,67.5,85.0,50.0,35.0,12.091837787178116,73.59452626999999,79.36984375,7.0,35.0,14.666249999999991,35.0,5.500000000000003,4.799999999999995,7,0,4,4,0.5,1.0,4,0,9,8,3,5,7,4.178571428571429,2.504361275220769,1.4166666666666667,30.666666666666668,0.25263157894736843,1,6,1,0.125,70.0,64.44500000000001,78.0,0.0,0,1,0,3,8,0.625,1
785,9,2026-06-18 20:14:09.062463,1,15,50.0,0,14.0,46.67,46.67,46.67,46.67,46.67,46.67,46.67,46.67,0.0,0.0,46.67,46.67,0.0,0.0,0.0,0.0,0.0,0.0,0,0,0,1,0.0,0.0,0,1,2,1,1,1,1,0.0,0.0,2.125,2.125,0.32,1,0,0,0.0,46.67,46.67,46.67,1.0,0,1,0,1,1,0.0,1
786,9,2026-06-26 03:14:09.062463,1,10,50.0,0,15.0,50.0,48.335,48.335,48.335,48.335,48.335,50.0,46.67,3.3299999999999983,2.354665581351202,47.669,48.335,3.3299999999999983,3.3299999999999983,0.0,3.3299999999999983,0.0,0.0,1,0,0,2,0.0,0.0,0,2,3,2,0,2,2,2.125,0.0,7.291666666666667,9.416666666666666,0.192,1,1,0,0.0,46.67,50.0,48.335,1.0,0,0,1,2,2,0.0,1
787,9,2026-07-01 09:14:09.062463,1,23,57.5,0,10.0,50.0,50.0,48.89000000000001,48.89000000000001,48.89000000000001,50.0,50.0,46.67,3.3299999999999983,1.9225763964014528,48.3683,49.167500000000004,0.0,3.3299999999999983,1.1099999999999923,3.3299999999999983,1.664999999999994,1.664999999999994,0,0,0,3,0.0,0.0,0,3,4,3,1,2,3,4.708333333333334,3.653385036130496,5.25,14.666666666666666,0.19148936170212766,1,1,1,0.3333333333333333,46.67,50.0,50.0,-2.0,1,0,0,2,3,0.33333333333333337,1
788,9,2026-07-04 15:14:09.062463,1,24,60.0,0,23.0,57.5,53.75,52.5,51.042500000000004,51.042500000000004,50.0,57.5,46.67,10.829999999999998,4.582272907630011,51.10780999999999,53.33375,7.5,10.829999999999998,2.707499999999996,10.829999999999998,3.7499999999999964,3.7499999999999964,1,0,0,4,0.0,0.0,0,4,5,4,1,2,4,4.888888888888889,2.602193697063506,3.25,17.916666666666668,0.21145374449339205,2,1,1,0.25,52.085,50.0,50.0,0.0,1,0,0,2,4,0.5,1
789,9,2026-07-07 17:14:09.062463,1,16,64.0,0,24.0,60.0,58.75,55.833333333333336,52.834,52.834,50.0,60.0,46.67,13.329999999999998,5.638730353545911,53.77546699999999,56.666875000000005,2.5,13.329999999999998,5.915999999999997,13.329999999999998,4.999999999999993,3.4159999999999964,2,0,0,5,0.0,0.0,0,5,6,5,2,3,5,4.479166666666667,2.2772272369899516,3.0833333333333335,21.0,0.22727272727272727,3,1,1,0.2,54.723333333333336,50.0,50.0,0.0,1,0,0,2,5,0.6,1
790,9,2026-07-13 00:14:09.062463,1,15,60.0,0,16.0,64.0,62.0,60.5,56.3,54.695,53.75,64.0,46.67,17.33,6.798246097340106,56.84282689999999,60.3334375,4.0,17.33,7.305,17.33,3.2500000000000036,3.7999999999999967,3,0,0,6,0.0,0.0,0,6,7,6,1,3,6,4.2,2.068572709758,5.291666666666667,26.291666666666668,0.2198473282442748,4,1,1,0.16666666666666666,57.042500000000004,50.0,50.0,1.0,0,1,0,2,6,0.6666666666666667,1
791,9,2026-07-16 04:14:09.062463,1,20,66.67,0,15.0,60.0,62.0,61.333333333333336,58.3,55.45285714285715,57.5,64.0,46.67,17.33,6.521801168096929,57.78997882999999,60.16671875,-4.0,13.329999999999998,6.547142857142852,13.329999999999998,3.17764371615651e-15,2.6500000000000017,0,1,0,7,0.0,0.0,0,7,8,7,1,3,7,4.381944444444445,1.9031072301974028,3.1666666666666665,29.458333333333332,0.22982216142270862,4,2,1,0.14285714285714285,57.042500000000004,55.0,50.0,0.0,0,1,0,3,7,0.5714285714285714,1
793,10,2026-07-09 06:14:09.062522,1,14,35.0,0,7.0,35.0,35.0,35.0,35.0,35.0,35.0,35.0,35.0,0.0,0.0,35.0,35.0,0.0,0.0,0.0,0.0,0.0,0.0,0,0,0,1,0.0,0.0,0,1,2,1,1,1,1,0.0,0.0,1.0833333333333333,1.0833333333333333,0.4800000000000001,1,0,0,0.0,35.0,35.0,35.0,2.0,0,0,1,1,1,0.0,1
794,10,2026-07-10 09:14:09.062522,1,14,46.67,0,14.0,35.0,35.0,35.0,35.0,35.0,35.0,35.0,35.0,0.0,0.0,35.0,35.0,0.0,0.0,0.0,0.0,0.0,0.0,0,0,0,2,0.0,0.0,0,2,3,2,2,2,2,1.0833333333333333,0.0,1.125,2.2083333333333335,0.6233766233766234,1,0,1,0.5,35.0,35.0,35.0,-1.0,0,1,0,2,2,0.0,1
795,10,2026-07-15 14:14:09.062522,1,16,53.33,0,14.0,46.67,40.835,38.89,38.89,38.89,35.0,46.67,35.0,11.670000000000002,6.737677641442933,38.501,40.835,11.670000000000002,11.670000000000002,1.9450000000000003,11.670000000000002,5.835000000000001,5.835000000000001,1,0,0,3,0.0,0.0,0,3,4,3,2,3,3,1.1041666666666665,0.029462782549439532,5.208333333333333,7.416666666666667,0.35643564356435636,1,1,1,0.3333333333333333,35.0,46.67,35.0,-1.0,1,0,0,2,3,0.33333333333333337,1
796,10,2026-07-22 20:14:09.062522,1,17,56.67,0,16.0,53.33,50.0,45.0,42.5,42.5,40.835,53.33,35.0,18.33,9.07703696147592,42.94969999999999,47.082499999999996,6.659999999999997,18.33,7.5,18.33,9.165000000000001,9.165000000000001,2,0,0,4,0.0,0.0,0,4,5,4,0,3,4,2.472222222222222,2.3696333127800675,7.25,14.666666666666666,0.25531914893617025,2,1,1,0.25,44.165,46.67,35.0,1.0,0,1,0,2,4,0.5,1
797,10,2026-07-25 05:14:09.062522,1,25,62.5,0,17.0,56.67,55.0,52.223333333333336,45.334,45.334,46.67,56.67,35.0,21.67,10.097139693992553,47.06578999999999,51.87625,3.3400000000000034,21.67,9.665999999999997,21.67,4.9999999999999964,6.167000000000001,3,0,0,5,0.0,0.0,0,5,6,5,1,2,5,3.6666666666666665,3.074122880023094,2.375,17.041666666666668,0.27713625866050806,2,2,1,0.2,44.165,51.67,35.0,-1.0,1,0,0,2,5,0.6,1
798,10,2026-07-29 11:14:09.062522,1,24,60.0,0,25.0,62.5,59.585,57.5,50.834,48.195,50.0,62.5,35.0,27.5,11.43126021049298,51.69605299999999,57.188125,5.829999999999998,27.5,11.39,27.5,4.584999999999999,6.499999999999996,4,0,0,6,0.0,0.0,0,6,7,6,2,3,6,3.4083333333333328,2.724216248146734,4.25,21.291666666666668,0.2691588785046729,3,2,1,0.16666666666666666,50.276666666666664,51.67,35.0,1.0,0,1,0,2,6,0.6666666666666667,1
799,10,2026-07-31 12:14:09.062522,1,13,65.0,0,24.0,60.0,61.25,59.723333333333336,55.834,49.88142857142857,53.33,62.5,35.0,27.5,11.349143034566428,54.18723709999999,58.5940625,-2.5,25.0,11.368571428571428,25.0,1.6650000000000005,3.582999999999996,0,1,0,7,0.0,0.0,0,7,8,7,2,3,7,3.5486111111111107,2.4607215329985968,2.0416666666666665,23.333333333333332,0.28767123287671237,3,3,1,0.14285714285714285,50.276666666666664,54.446666666666665,35.0,0.0,0,1,0,2,7,0.7142857142857143,1
800,10,2026-08-03 21:14:09.062522,1,21,70.0,1,13.0,65.0,62.5,62.5,59.5,51.77125,55.0,65.0,35.0,30.0,11.788723955543281,57.43106596999999,61.79703125,5.0,30.0,10.728749999999998,30.0,1.2499999999999998,2.6670000000000016,1,0,0,8,0.0,0.0,0,8,9,8,2,4,8,3.333333333333333,2.317405957179357,3.375,26.708333333333332,0.2887218045112782,3,4,1,0.125,50.276666666666664,57.085,35.0,0.0,0,1,0,2,8,0.75,1
802,11,2026-06-08 03:14:09.062583,1,18,60.0,0,22.0,55.0,55.0,55.0,55.0,55.0,55.0,55.0,55.0,0.0,0.0,55.0,55.0,0.0,0.0,0.0,0.0,0.0,0.0,0,0,0,1,0.0,0.0,0,1,2,1,1,1,1,0.0,0.0,1.25,1.25,0.4444444444444444,0,0,1,1.0,55.0,55.0,55.0,-2.0,1,0,0,1,1,0.0,1
803,11,2026-06-09 09:14:09.062583,1,12,60.0,0,18.0,60.0,57.5,57.5,57.5,57.5,57.5,60.0,55.0,5.0,3.5355339059327378,56.5,57.5,5.0,5.0,0.0,5.0,0.0,0.0,1,0,0,2,0.0,0.0,0,2,3,2,2,2,2,1.25,0.0,1.25,2.5,0.5714285714285714,1,0,1,0.5,60.0,57.5,55.0,2.0,0,0,1,2,2,0.0,1
804,11,2026-06-16 19:14:09.062583,1,38,76.0,1,12.0,60.0,60.0,58.333333333333336,58.333333333333336,58.333333333333336,60.0,60.0,55.0,5.0,2.8867513459481287,57.55,58.75,0.0,5.0,1.6666666666666643,5.0,2.4999999999999996,2.4999999999999996,0,0,0,3,0.0,0.0,0,3,4,3,0,3,3,1.25,0.0,7.416666666666667,9.916666666666666,0.2748091603053435,1,0,2,0.6666666666666666,60.0,58.333333333333336,57.5,-2.0,1,0,0,3,3,0.0,1
805,11,2026-06-18 20:14:09.062583,1,19,76.0,1,38.0,76.0,68.0,65.33333333333333,62.75,62.75,60.0,76.0,55.0,21.0,9.142392101268317,63.084999999999994,67.375,16.0,21.0,5.25,21.0,7.999999999999996,7.999999999999996,1,0,1,3,0.25,0.3333333333333333,1,0,5,4,1,4,4,3.305555555555556,3.560326660002692,2.0416666666666665,11.958333333333334,0.30868167202572344,2,0,2,0.5,68.0,62.75,57.5,1.0,0,1,0,3,4,0.25,1
806,11,2026-06-20 06:14:09.062583,1,24,80.0,1,19.0,76.0,76.0,70.66666666666667,65.4,65.4,60.0,76.0,55.0,21.0,9.889388252060893,66.95949999999999,71.6875,0.0,21.0,10.599999999999994,21.0,8.000000000000002,5.799999999999998,0,0,2,3,0.4,0.6666666666666666,2,0,6,5,2,5,5,2.9895833333333335,2.9748900928966804,1.4166666666666667,13.375,0.34782608695652173,2,1,2,0.4,68.0,76.0,57.5,0.0,0,1,0,3,5,0.4,1
807,11,2026-06-27 15:14:09.062583,1,18,90.0,1,24.0,80.0,78.0,77.33333333333333,70.4,67.83333333333333,68.0,80.0,55.0,25.0,10.666145820617054,70.87164999999999,75.84375,4.0,25.0,10.166666666666671,25.0,1.999999999999994,5.599999999999996,1,0,3,3,0.5,1.0,3,0,7,6,0,3,6,2.675,2.670635068044054,7.375,20.75,0.27586206896551724,2,2,2,0.3333333333333333,68.0,78.0,57.5,-1.0,1,0,0,3,6,0.5,1
808,11,2026-06-29 18:14:09.062583,1,21,84.0,1,18.0,90.0,85.0,82.0,76.4,71.0,76.0,90.0,55.0,35.0,12.84523257866513,76.61015499999999,82.921875,10.0,35.0,14.0,35.0,7.0000000000000036,6.399999999999994,2,0,4,3,0.5714285714285714,1.0,4,0,8,7,1,4,7,3.4583333333333335,3.0639027399707057,2.125,22.875,0.2931937172774869,3,2,2,0.2857142857142857,75.33333333333333,78.0,57.5,2.0,0,0,1,3,7,0.5714285714285714,1
809,11,2026-07-02 23:14:09.062583,1,28,93.33,1,21.0,84.0,87.0,84.66666666666667,81.2,72.625,76.0,90.0,55.0,35.0,12.749649855136077,78.8271085,83.4609375,-6.0,29.0,14.375,29.0,1.9999999999999971,3.0000000000000036,0,1,5,3,0.625,1.0,5,0,9,8,2,3,8,3.267857142857143,2.8419860873401404,3.2083333333333335,26.083333333333332,0.2953846153846154,3,2,3,0.375,75.33333333333333,78.0,66.33333333333333,-2.0,1,0,0,3,8,0.625,1
810,11,2026-07-04 07:14:09.062583,1,23,92.0,1,28.0,93.33,88.66499999999999,89.11,84.666,74.92555555555556,76.0,93.33,55.0,38.33,13.779237198690563,83.17797594999999,88.39546874999999,9.329999999999998,38.33,13.73944444444443,38.33,1.6649999999999845,3.865999999999995,1,0,6,3,0.6666666666666666,1.0,6,0,10,9,3,3,9,3.260416666666667,2.6312520029777846,1.3333333333333333,27.416666666666668,0.31671554252199413,4,2,3,0.3333333333333333,79.8325,78.0,66.33333333333333,0.0,1,0,0,3,9,0.6666666666666667,1
812,12,2026-06-09 08:14:09.062649,1,15,37.5,0,11.0,36.67,36.67,36.67,36.67,36.67,36.67,36.67,36.67,0.0,0.0,36.67,36.67,0.0,0.0,0.0,0.0,0.0,0.0,0,0,0,1,0.0,0.0,0,1,2,1,1,1,1,0.0,0.0,1.3333333333333333,1.3333333333333333,0.4285714285714286,1,0,0,0.0,36.67,36.67,36.67,1.0,0,1,0,1,1,0.0,1
813,12,2026-06-10 15:14:09.062649,1,12,40.0,0,15.0,37.5,37.085,37.085,37.085,37.085,37.085,37.5,36.67,0.8299999999999983,0.5868986283848332,36.919,37.085,0.8299999999999983,0.8299999999999983,0.0,0.8299999999999983,0.0,0.0,1,0,0,2,0.0,0.0,0,2,3,2,2,2,2,1.3333333333333333,0.0,1.2916666666666667,2.625,0.5517241379310345,1,1,0,0.0,36.67,37.5,37.085,0.0,0,1,0,2,2,0.0,1
814,12,2026-06-13 22:14:09.062649,1,13,43.33,0,12.0,40.0,38.75,38.056666666666665,38.056666666666665,38.056666666666665,37.5,40.0,36.67,3.3299999999999983,1.733387819656447,37.8433,38.542500000000004,2.5,3.3299999999999983,0.6933333333333351,3.3299999999999983,1.6649999999999987,1.6649999999999987,2,0,0,3,0.0,0.0,0,3,4,3,3,3,3,1.3125,0.029462782549439376,3.2916666666666665,5.916666666666667,0.43373493975903615,1,2,0,0.0,36.67,38.75,38.056666666666665,0.0,0,1,0,3,3,0.0,1
815,12,2026-06-19 06:14:09.062649,1,20,40.0,0,13.0,43.33,41.665,40.276666666666664,39.375,39.375,38.75,43.33,36.67,6.659999999999997,2.992507309932591,39.489309999999996,40.93625,3.3299999999999983,6.659999999999997,2.289999999999999,6.659999999999997,2.9149999999999956,2.9149999999999956,3,0,0,4,0.0,0.0,0,4,5,4,1,4,4,1.972222222222222,1.142862309842817,5.333333333333333,11.25,0.32653061224489793,1,3,0,0.0,36.67,40.276666666666664,39.375,1.0,0,0,1,3,4,0.25,1
816,12,2026-06-21 12:14:09.062649,1,10,40.0,0,20.0,40.0,41.665,41.11,39.5,39.5,40.0,43.33,36.67,6.659999999999997,2.6066165809339883,39.642517,40.468125,-3.3299999999999983,3.3299999999999983,2.164999999999999,3.3299999999999983,0.0,1.2489999999999977,0,1,0,5,0.0,0.0,0,5,6,5,1,5,5,2.8125,1.9222442998089881,2.25,13.5,0.3448275862068966,1,3,1,0.2,36.67,40.276666666666664,40.0,-1.0,0,1,0,3,5,0.4,1
818,13,2026-04-18 02:14:09.062695,1,21,52.5,0,9.0,45.0,45.0,45.0,45.0,45.0,45.0,45.0,45.0,0.0,0.0,45.0,45.0,0.0,0.0,0.0,0.0,0.0,0.0,0,0,0,1,0.0,0.0,0,1,2,1,1,1,1,0.0,0.0,3.2083333333333335,3.2083333333333335,0.23762376237623759,0,0,1,1.0,45.0,45.0,45.0,-1.0,0,1,0,1,1,0.0,1
819,13,2026-04-21 05:14:09.062695,1,18,60.0,0,21.0,52.5,48.75,48.75,48.75,48.75,48.75,52.5,45.0,7.5,5.303300858899107,47.25,48.75,7.5,7.5,0.0,7.5,0.0,0.0,1,0,0,2,0.0,0.0,0,2,3,2,2,2,2,3.2083333333333335,0.0,3.125,6.333333333333333,0.27272727272727276,0,1,1,0.5,48.75,52.5,45.0,-1.0,1,0,0,1,2,0.5,1
820,13,2026-04-23 07:14:09.062695,1,31,62.0,0,18.0,60.0,56.25,52.5,52.5,52.5,52.5,60.0,45.0,15.0,7.5,51.074999999999996,54.375,7.5,15.0,3.75,15.0,7.499999999999999,7.499999999999999,2,0,0,3,0.0,0.0,0,3,4,3,2,3,3,3.166666666666667,0.058925565098879064,2.0833333333333335,8.416666666666666,0.3185840707964602,1,1,1,0.3333333333333333,60.0,52.5,45.0,0.0,1,0,0,2,3,0.33333333333333337,1
821,13,2026-04-25 09:14:09.062695,1,26,65.0,0,31.0,62.0,61.0,58.166666666666664,54.875,54.875,56.25,62.0,45.0,17.0,7.75,54.35249999999999,58.1875,2.0,17.0,6.125,17.0,4.749999999999995,4.749999999999995,3,0,0,4,0.0,0.0,0,4,5,4,2,4,4,2.805555555555556,0.6268491164664866,2.0833333333333335,10.5,0.34782608695652173,2,1,1,0.25,61.0,52.5,45.0,1.0,0,1,0,2,4,0.5,1
822,13,2026-04-30 16:14:09.062695,1,18,72.0,1,26.0,65.0,63.5,62.333333333333336,56.9,56.9,60.0,65.0,45.0,20.0,8.096295449154509,57.54674999999999,61.59375,3.0,20.0,6.600000000000001,20.0,2.4999999999999996,4.949999999999999,4,0,0,5,0.0,0.0,0,5,6,5,1,4,5,2.6250000000000004,0.6263873490988712,5.291666666666667,15.791666666666666,0.29776674937965264,2,2,1,0.2,61.0,58.75,45.0,0.0,0,1,0,2,5,0.6,1
823,13,2026-05-02 18:14:09.062695,1,24,80.0,1,18.0,72.0,68.5,66.33333333333333,62.3,59.416666666666664,61.0,72.0,45.0,27.0,9.51008236907897,61.88272499999999,66.796875,7.0,27.0,9.083333333333336,27.0,4.999999999999993,4.399999999999998,5,0,1,5,0.16666666666666666,0.3333333333333333,1,0,7,6,1,4,6,3.1583333333333337,1.3101500126151797,2.0833333333333335,17.875,0.31788079470198677,2,3,1,0.16666666666666666,61.0,63.166666666666664,45.0,-1.0,1,0,0,3,6,0.5,1
824,13,2026-05-06 03:14:09.062695,1,37,92.5,1,24.0,80.0,76.0,72.33333333333333,67.8,62.357142857142854,62.0,80.0,45.0,35.0,11.657309172483037,67.31790749999999,73.3984375,8.0,35.0,13.642857142857146,35.0,7.500000000000005,4.999999999999998,6,0,2,5,0.2857142857142857,0.6666666666666666,2,0,8,7,2,4,7,2.9791666666666665,1.25131874880508,3.375,21.25,0.3146067415730337,3,3,1,0.14285714285714285,67.33333333333333,63.166666666666664,45.0,0.0,1,0,0,3,7,0.5714285714285714,1
826,14,2026-03-21 08:14:09.062838,1,14,46.67,0,14.0,46.67,46.67,46.67,46.67,46.67,46.67,46.67,46.67,0.0,0.0,46.67,46.67,0.0,0.0,0.0,0.0,0.0,0.0,0,0,0,1,0.0,0.0,0,1,2,1,1,1,1,0.0,0.0,2.4166666666666665,2.4166666666666665,0.29268292682926833,1,0,0,0.0,46.67,46.67,46.67,1.0,0,1,0,1,1,0.0,1
827,14,2026-03-22 16:14:09.062838,1,12,48.0,0,14.0,46.67,46.67,46.67,46.67,46.67,46.67,46.67,46.67,0.0,0.0,46.669999999999995,46.67,0.0,0.0,0.0,0.0,0.0,0.0,0,0,0,2,0.0,0.0,0,2,3,2,2,2,2,2.4166666666666665,0.0,1.3333333333333333,3.75,0.42105263157894735,1,1,0,0.0,46.67,46.67,46.67,1.0,0,0,1,2,2,0.0,1
828,14,2026-03-24 02:14:09.062838,1,25,62.5,0,12.0,48.0,47.335,47.11333333333334,47.11333333333334,47.11333333333334,46.67,48.0,46.67,1.3299999999999983,0.7678758580222013,47.068999999999996,47.335,1.3299999999999983,1.3299999999999983,0.22166666666666401,1.3299999999999983,0.6649999999999922,0.6649999999999922,1,0,0,3,0.0,0.0,0,3,4,3,3,3,3,1.875,0.7660323462854264,1.4166666666666667,5.166666666666667,0.48648648648648646,1,1,1,0.3333333333333333,46.67,46.67,48.0,-1.0,0,1,0,2,3,0.33333333333333337,1
829,14,2026-03-28 09:14:09.062838,1,36,72.0,1,25.0,62.5,55.25,52.39000000000001,50.96,50.96,47.335,62.5,46.67,15.829999999999998,7.7188384272937505,51.698299999999996,54.917500000000004,14.5,15.829999999999998,4.289999999999999,15.829999999999998,7.9149999999999965,7.9149999999999965,2,0,0,4,0.0,0.0,0,4,5,4,2,4,4,1.7222222222222223,0.6028481781725195,4.291666666666667,9.458333333333334,0.38247011952191234,1,2,1,0.25,46.67,54.585,48.0,0.0,0,1,0,2,4,0.5,1
830,14,2026-03-31 14:14:09.062838,1,23,76.67,1,36.0,72.0,67.25,60.833333333333336,55.168000000000006,55.168000000000006,48.0,72.0,46.67,25.33,11.542169206869218,57.78881,63.45875,9.5,25.33,12.081999999999994,25.33,12.000000000000002,6.648999999999994,3,0,1,4,0.2,0.3333333333333333,1,0,6,5,1,5,5,2.3645833333333335,1.3757889150915883,3.2083333333333335,12.666666666666666,0.36585365853658536,1,3,1,0.2,46.67,60.39000000000001,48.0,0.0,0,1,0,2,5,0.6,1
832,15,2026-07-05 01:14:09.062882,1,18,45.0,0,9.0,36.0,36.0,36.0,36.0,36.0,36.0,36.0,36.0,0.0,0.0,36.0,36.0,0.0,0.0,0.0,0.0,0.0,0.0,0,0,0,1,0.0,0.0,0,1,2,1,0,1,1,0.0,0.0,7.083333333333333,7.083333333333333,0.12371134020618559,0,0,1,1.0,36.0,36.0,36.0,-1.0,0,1,0,1,1,0.0,1
833,15,2026-07-06 03:14:09.062882,1,11,44.0,0,18.0,45.0,40.5,40.5,40.5,40.5,40.5,45.0,36.0,9.0,6.363961030678928,38.7,40.5,9.0,9.0,0.0,9.0,0.0,0.0,1,0,0,2,0.0,0.0,0,2,3,2,1,2,2,7.083333333333333,0.0,1.0833333333333333,8.166666666666666,0.2181818181818182,0,1,1,0.5,40.5,45.0,36.0,-1.0,1,0,0,2,2,0.0,1
834,15,2026-07-08 13:14:09.062882,1,13,43.33,0,11.0,44.0,44.5,41.666666666666664,41.666666666666664,41.666666666666664,44.0,45.0,36.0,9.0,4.932882862316248,40.29,42.25,-1.0,8.0,2.8333333333333357,8.0,4.000000000000003,4.000000000000003,0,1,0,3,0.0,0.0,0,3,4,3,2,3,3,4.083333333333333,4.242640687119285,2.4166666666666665,10.583333333333334,0.2589928057553957,1,1,1,0.3333333333333333,44.0,45.0,36.0,1.0,0,1,0,2,3,0.33333333333333337,1
835,15,2026-07-09 19:14:09.062882,1,9,45.0,0,13.0,43.33,43.665,44.10999999999999,42.082499999999996,42.082499999999996,43.665,45.0,36.0,9.0,4.1126501998913865,41.202,42.79,-0.6700000000000017,7.329999999999998,1.5825000000000031,7.329999999999998,-0.8350000000000026,-0.8350000000000026,0,2,0,4,0.0,0.0,0,4,5,4,3,4,4,3.5277777777777772,3.1505437508350718,1.25,11.833333333333334,0.3116883116883117,1,2,1,0.25,44.0,44.165,36.0,1.0,0,0,1,3,4,0.25,1
836,15,2026-07-11 02:14:09.062882,1,14,56.0,0,9.0,45.0,44.165,44.10999999999999,42.666,42.666,44.0,45.0,36.0,9.0,3.7931227240889527,42.34139999999999,43.894999999999996,1.6700000000000017,9.0,1.4990000000000023,9.0,0.5000000000000024,1.632999999999998,1,0,0,5,0.0,0.0,0,5,6,5,4,5,5,2.958333333333333,2.813245785894267,1.2916666666666667,13.125,0.35398230088495575,1,2,2,0.4,44.0,44.165,40.5,-1.0,0,1,0,3,5,0.4,1
837,15,2026-07-16 09:14:09.062882,1,13,52.0,0,14.0,56.0,50.5,48.10999999999999,46.666,44.88833333333333,44.5,56.0,36.0,20.0,6.41426665072997,46.438979999999994,49.9475,11.0,20.0,5.611666666666672,20.0,6.335,2.299999999999998,2,0,0,6,0.0,0.0,0,6,7,6,2,5,6,2.6249999999999996,2.547806791035075,5.291666666666667,18.416666666666668,0.30901287553648066,1,3,2,0.3333333333333333,44.0,48.10999999999999,40.5,1.0,0,0,1,3,6,0.5,1
838,15,2026-07-17 16:14:09.062882,1,13,52.0,0,13.0,52.0,54.0,51.0,48.065999999999995,45.90428571428571,45.0,56.0,36.0,20.0,6.442887181853741,48.107285999999995,50.973749999999995,-4.0,16.0,8.095714285714287,16.0,3.4999999999999982,2.8669999999999973,0,1,0,7,0.0,0.0,0,7,8,7,2,6,7,3.069444444444444,2.5255179153474128,1.2916666666666667,19.708333333333332,0.3380281690140845,1,3,3,0.42857142857142855,44.0,48.10999999999999,44.333333333333336,0.0,0,0,1,3,7,0.5714285714285714,1
840,16,2026-04-26 09:14:09.062936,1,11,44.0,0,15.0,37.5,37.5,37.5,37.5,37.5,37.5,37.5,37.5,0.0,0.0,37.5,37.5,0.0,0.0,0.0,0.0,0.0,0.0,0,0,0,1,0.0,0.0,0,1,2,1,1,1,1,0.0,0.0,5.416666666666667,5.416666666666667,0.15584415584415584,1,0,0,0.0,37.5,37.5,37.5,1.0,0,1,0,1,1,0.0,1
841,16,2026-04-30 12:14:09.062936,1,18,45.0,0,11.0,44.0,40.75,40.75,40.75,40.75,40.75,44.0,37.5,6.5,4.596194077712559,39.45,40.75,6.5,6.5,0.0,6.5,0.0,0.0,1,0,0,2,0.0,0.0,0,2,3,2,1,2,2,5.416666666666667,0.0,4.125,9.541666666666666,0.18972332015810278,1,1,0,0.0,37.5,44.0,40.75,-1.0,1,0,0,2,2,0.0,1
842,16,2026-05-03 21:14:09.062936,1,12,40.0,0,18.0,45.0,44.5,42.166666666666664,42.166666666666664,42.166666666666664,44.0,45.0,37.5,7.5,4.072263907623539,41.115,42.875,1.0,7.5,2.3333333333333357,7.5,3.7499999999999916,3.7499999999999916,2,0,0,3,0.0,0.0,0,3,4,3,1,3,3,4.770833333333334,0.9133462590326241,3.375,12.916666666666666,0.2155688622754491,2,1,0,0.0,41.25,44.0,42.166666666666664,2.0,0,0,1,2,3,0.33333333333333337,1
843,16,2026-05-05 22:14:09.062936,1,18,45.0,0,12.0,40.0,42.5,43.0,41.625,41.625,42.0,45.0,37.5,7.5,3.497022543059548,40.7805,41.4375,-5.0,2.5,0.875,2.5,-2.0000000000000036,-2.0000000000000036,0,1,0,4,0.0,0.0,0,4,5,4,2,3,4,4.305555555555556,1.032739524723406,2.0416666666666665,14.958333333333334,0.2506527415143603,2,1,1,0.25,41.25,44.0,40.0,-2.0,1,0,0,2,4,0.5,1
844,16,2026-05-07 05:14:09.062936,1,9,45.0,0,18.0,45.0,42.5,43.333333333333336,42.3,42.3,44.0,45.0,37.5,7.5,3.383784863137726,42.046350000000004,43.21875,5.0,7.5,0.20000000000000284,7.5,0.0,1.1000000000000008,1,0,0,5,0.0,0.0,0,5,6,5,3,4,5,3.7395833333333335,1.411499973760512,1.2916666666666667,16.25,0.2898550724637681,3,1,1,0.2,42.5,44.0,40.0,1.0,0,1,0,3,5,0.4,1
845,16,2026-05-08 09:14:09.062936,1,27,54.0,0,9.0,45.0,45.0,43.333333333333336,43.8,42.75,44.5,45.0,37.5,7.5,3.2210246816812815,42.932445,44.109375,0.0,7.5,2.25,7.5,2.4999999999999964,0.1999999999999967,0,0,0,6,0.0,0.0,0,6,7,6,3,5,6,3.25,1.6409473889596013,1.1666666666666667,17.416666666666668,0.32579185520361986,3,2,1,0.16666666666666666,42.5,44.5,40.0,-1.0,1,0,0,3,6,0.5,1
846,16,2026-05-12 10:14:09.062936,1,14,56.0,0,27.0,54.0,49.5,48.0,45.8,44.357142857142854,45.0,54.0,37.5,16.5,5.169737950437186,46.2527115,49.0546875,9.0,16.5,5.142857142857146,16.5,4.49999999999999,2.2999999999999954,1,0,0,7,0.0,0.0,0,7,8,7,3,5,7,2.902777777777778,1.6963331914150288,4.041666666666667,21.458333333333332,0.3116883116883117,4,2,1,0.14285714285714285,45.375,44.5,40.0,1.0,0,1,0,3,7,0.5714285714285714,1
847,16,2026-05-16 12:14:09.062936,1,11,55.0,0,14.0,56.0,55.0,51.666666666666664,48.0,45.8125,45.0,56.0,37.5,18.5,6.312897795103971,49.17689804999999,52.52734375,2.0,18.5,9.1875,18.5,5.4999999999999964,4.099999999999998,2,0,0,8,0.0,0.0,0,8,9,8,1,5,8,3.0654761904761907,1.6072494085784141,4.083333333333333,25.541666666666668,0.30141287284144425,4,3,1,0.125,45.375,48.333333333333336,40.0,0.0,0,1,0,3,8,0.625,1
848,16,2026-05-18 21:14:09.062936,1,21,52.5,0,11.0,55.0,55.5,55.0,51.0,46.833333333333336,45.0,56.0,37.5,18.5,6.652067347825035,50.92382863499999,53.763671875,-1.0,17.5,8.666666666666664,17.5,0.5000000000000024,3.0999999999999988,0,1,0,9,0.0,0.0,0,9,10,9,2,5,9,3.1927083333333335,1.5309209640003867,2.375,27.916666666666668,0.31123919308357345,4,4,1,0.1111111111111111,45.375,50.0,40.0,0.0,0,1,0,3,9,0.6666666666666667,1
850,17,2026-03-30 05:14:09.063002,1,15,60.0,0,16.0,53.33,53.33,53.33,53.33,53.33,53.33,53.33,53.33,0.0,0.0,53.33,53.33,0.0,0.0,0.0,0.0,0.0,0.0,0,0,0,1,0.0,0.0,0,1,2,1,1,1,1,0.0,0.0,1.0833333333333333,1.0833333333333333,0.4800000000000001,0,1,0,0.0,53.33,53.33,53.33,1.0,0,0,1,1,1,0.0,1
851,17,2026-04-01 15:14:09.063002,1,17,68.0,0,15.0,60.0,56.665,56.665,56.665,56.665,56.665,60.0,53.33,6.670000000000002,4.716402230514273,55.330999999999996,56.665,6.670000000000002,6.670000000000002,0.0,6.670000000000002,0.0,0.0,1,0,0,2,0.0,0.0,0,2,3,2,2,2,2,1.0833333333333333,0.0,2.4166666666666665,3.5,0.4444444444444444,0,1,1,0.5,56.665,53.33,60.0,-1.0,0,1,0,1,2,0.5,1
852,17,2026-04-02 20:14:09.063002,1,15,60.0,0,17.0,68.0,64.0,60.44333333333333,60.44333333333333,60.44333333333333,60.0,68.0,53.33,14.670000000000002,7.345041411274232,59.131699999999995,62.332499999999996,8.0,14.670000000000002,3.556666666666672,14.670000000000002,7.334999999999994,7.334999999999994,2,0,0,3,0.0,0.0,0,3,4,3,3,3,3,1.75,0.9428090415820634,1.2083333333333333,4.708333333333333,0.5255474452554745,0,2,1,0.3333333333333333,60.44333333333333,60.665,60.0,1.0,0,0,1,2,3,0.33333333333333337,1
853,17,2026-04-03 21:14:09.063002,1,32,64.0,0,15.0,60.0,64.0,62.666666666666664,60.332499999999996,60.332499999999996,60.0,68.0,53.33,14.670000000000002,6.001296387726017,59.39218999999999,61.16625,-8.0,6.670000000000002,3.667500000000004,6.670000000000002,6.35528743231302e-15,6.35528743231302e-15,0,1,0,4,0.0,0.0,0,4,5,4,4,4,4,1.5694444444444444,0.7363731189895313,1.0416666666666667,5.75,0.5925925925925926,0,2,2,0.5,60.332499999999996,60.665,60.0,0.0,0,0,1,3,4,0.25,1
854,17,2026-04-11 03:14:09.063002,1,24,60.0,0,32.0,64.0,62.0,64.0,61.065999999999995,61.065999999999995,60.0,68.0,53.33,14.670000000000002,5.449933944553824,60.77453299999999,62.583124999999995,4.0,10.670000000000002,0.9340000000000046,10.670000000000002,-1.999999999999994,2.133999999999995,1,0,0,5,0.0,0.0,0,5,6,5,0,5,5,1.4375,0.6566081474207117,7.25,13.0,0.35714285714285715,0,2,3,0.6,61.065999999999995,60.665,61.333333333333336,0.0,0,0,1,3,5,0.4,1
855,17,2026-04-13 08:14:09.063002,1,33,66.0,0,24.0,60.0,62.0,61.333333333333336,62.4,60.88833333333333,60.0,68.0,53.33,14.670000000000002,4.893957158237766,60.54217309999999,61.2915625,-4.0,6.670000000000002,1.1116666666666717,6.670000000000002,3.17764371615651e-15,-0.40000000000000635,0,1,0,6,0.0,0.0,0,6,7,6,1,4,6,2.6,2.6608987099182198,2.2083333333333335,15.208333333333334,0.3701799485861182,0,2,4,0.6666666666666666,60.88833333333333,60.665,61.0,-1.0,0,1,0,3,6,0.5,1
856,17,2026-04-14 09:14:09.063002,1,15,75.0,1,33.0,66.0,63.0,63.333333333333336,63.6,61.61857142857143,60.0,68.0,53.33,14.670000000000002,4.867416934992073,62.17952116999999,63.64578125,6.0,12.670000000000002,1.3814285714285717,12.670000000000002,1.0000000000000018,-0.4000000000000012,1,0,0,7,0.0,0.0,0,7,8,7,2,5,7,2.5347222222222223,2.385345401652596,1.0416666666666667,16.25,0.4057971014492754,0,3,4,0.5714285714285714,61.61857142857143,62.44333333333333,61.0,0.0,0,1,0,3,7,0.5714285714285714,1
858,18,2026-06-12 22:14:09.063062,1,26,52.0,0,17.0,56.67,56.67,56.67,56.67,56.67,56.67,56.67,56.67,0.0,0.0,56.67,56.67,0.0,0.0,0.0,0.0,0.0,0.0,0,0,0,1,0.0,0.0,0,1,2,1,1,1,1,0.0,0.0,5.083333333333333,5.083333333333333,0.16438356164383564,0,1,0,0.0,56.67,56.67,56.67,0.0,0,1,0,1,1,0.0,1
859,18,2026-06-15 01:14:09.063062,1,16,53.33,0,26.0,52.0,54.335,54.335,54.335,54.335,54.335,56.67,52.0,4.670000000000002,3.302188668141178,55.269,54.335,-4.670000000000002,-4.670000000000002,0.0,-4.670000000000002,0.0,0.0,0,1,0,2,0.0,0.0,0,2,3,2,1,2,2,5.083333333333333,0.0,2.125,7.208333333333333,0.24365482233502542,0,2,0,0.0,54.335,54.335,54.335,1.0,0,0,1,1,2,0.5,1
860,18,2026-06-16 07:14:09.063062,1,18,60.0,0,16.0,53.33,52.665,54.0,54.0,54.0,53.33,56.67,52.0,4.670000000000002,2.406013300046366,54.68729999999999,53.832499999999996,1.3299999999999983,-3.3400000000000034,-1.3350000000000009,-3.3400000000000034,-1.6700000000000084,-1.6700000000000084,1,0,0,3,0.0,0.0,0,3,4,3,2,3,3,3.6041666666666665,2.091857561010203,1.25,8.458333333333334,0.3171806167400881,0,2,1,0.3333333333333333,54.0,54.335,53.33,0.0,0,0,1,2,3,0.33333333333333337,1
861,18,2026-06-19 13:14:09.063062,1,13,65.0,0,18.0,60.0,56.665,55.10999999999999,55.5,55.5,55.0,60.0,52.0,8.0,3.5859819668630055,56.28110999999999,56.91625,6.670000000000002,3.3299999999999983,1.1649999999999991,3.3299999999999983,4.000000000000001,4.000000000000001,2,0,0,4,0.0,0.0,0,4,5,4,3,4,4,2.819444444444444,2.008805845751631,3.25,11.708333333333334,0.3147540983606557,0,2,2,0.5,55.5,54.335,56.665,-1.0,0,1,0,2,4,0.5,1
862,18,2026-06-20 23:14:09.063062,1,15,75.0,1,13.0,65.0,62.5,59.44333333333333,57.4,57.4,56.67,65.0,52.0,13.0,5.262551662454252,58.89677699999999,60.958124999999995,5.0,8.329999999999998,5.100000000000001,8.329999999999998,5.834999999999999,2.4659999999999966,3,0,0,5,0.0,0.0,0,5,6,5,3,5,5,2.927083333333333,1.6542506275921094,1.4166666666666667,13.125,0.35398230088495575,0,3,2,0.4,57.4,57.89000000000001,56.665,-1.0,1,0,0,2,5,0.6,1
863,18,2026-06-23 02:14:09.063062,1,16,80.0,1,15.0,75.0,70.0,66.66666666666667,61.065999999999995,60.333333333333336,58.335,75.0,52.0,23.0,8.589658122804812,63.72774389999999,67.9790625,10.0,18.33,9.666666666666664,18.33,7.499999999999993,5.766999999999997,4,0,1,5,0.16666666666666666,0.3333333333333333,1,0,7,6,3,5,6,2.6249999999999996,1.5838814840623507,2.125,15.25,0.36923076923076925,1,3,2,0.3333333333333333,75.0,57.89000000000001,56.665,0.0,1,0,0,2,6,0.6666666666666667,1
865,19,2026-06-14 03:14:09.063112,1,13,43.33,0,13.0,43.33,43.33,43.33,43.33,43.33,43.33,43.33,43.33,0.0,0.0,43.33,43.33,0.0,0.0,0.0,0.0,0.0,0.0,0,0,0,1,0.0,0.0,0,1,2,1,1,1,1,0.0,0.0,4.25,4.25,0.19047619047619047,0,1,0,0.0,43.33,43.33,43.33,1.0,0,0,1,1,1,0.0,1
866,19,2026-06-16 07:14:09.063112,1,13,52.0,0,13.0,43.33,43.33,43.33,43.33,43.33,43.33,43.33,43.33,0.0,0.0,43.33,43.33,0.0,0.0,0.0,0.0,0.0,0.0,0,0,0,2,0.0,0.0,0,2,3,2,2,2,2,4.25,0.0,2.1666666666666665,6.416666666666667,0.2696629213483146,0,1,1,0.5,43.33,43.33,43.33,-1.0,0,1,0,2,2,0.0,1
867,19,2026-06-18 17:14:09.063112,1,33,66.0,0,13.0,52.0,47.665,46.22,46.22,46.22,43.33,52.0,43.33,8.670000000000002,5.005626833874056,45.931,47.665,8.670000000000002,8.670000000000002,1.4450000000000003,8.670000000000002,4.334999999999996,4.334999999999996,1,0,0,3,0.0,0.0,0,3,4,3,2,3,3,3.208333333333333,1.473139127471974,2.4166666666666665,8.833333333333334,0.30508474576271183,0,2,1,0.3333333333333333,46.22,47.665,43.33,-1.0,1,0,0,3,3,0.0,1
868,19,2026-06-19 23:14:09.063112,1,17,68.0,0,33.0,66.0,59.0,53.776666666666664,51.165,51.165,47.665,66.0,43.33,22.67,10.701228901392588,51.9517,56.832499999999996,14.0,22.67,7.835000000000001,22.67,11.334999999999999,11.334999999999999,2,0,0,4,0.0,0.0,0,4,5,4,3,4,4,2.944444444444444,1.1375330683024039,1.25,10.083333333333334,0.3609022556390977,1,2,1,0.25,66.0,47.665,43.33,1.0,0,1,0,3,4,0.25,1
869,19,2026-06-25 02:14:09.063112,1,18,72.0,1,17.0,68.0,67.0,62.0,54.532,54.532,52.0,68.0,43.33,24.67,11.940296059981092,56.766189999999995,62.41625,2.0,24.67,12.468000000000004,24.67,7.999999999999998,7.200999999999997,3,0,0,5,0.0,0.0,0,5,6,5,2,4,5,2.520833333333333,1.2571554457642917,5.125,15.208333333333334,0.3084832904884318,1,3,1,0.2,66.0,54.44333333333333,43.33,0.0,0,1,0,3,5,0.4,1
871,20,2026-04-20 00:14:09.063155,1,26,65.0,0,14.0,56.0,56.0,56.0,56.0,56.0,56.0,56.0,56.0,0.0,0.0,56.0,56.0,0.0,0.0,0.0,0.0,0.0,0.0,0,0,0,1,0.0,0.0,0,1,2,1,1,1,1,0.0,0.0,1.375,1.375,0.42105263157894735,0,1,0,0.0,56.0,56.0,56.0,0.0,0,1,0,1,1,0.0,1
872,20,2026-04-22 10:14:09.063155,1,25,62.5,0,26.0,65.0,60.5,60.5,60.5,60.5,60.5,65.0,56.0,9.0,6.363961030678928,58.699999999999996,60.5,9.0,9.0,0.0,9.0,0.0,0.0,1,0,0,2,0.0,0.0,0,2,3,2,2,2,2,1.375,0.0,2.4166666666666665,3.7916666666666665,0.4173913043478261,0,2,0,0.0,60.5,60.5,60.5,0.0,0,1,0,2,2,0.0,1
873,20,2026-04-25 12:14:09.063155,1,16,64.0,0,25.0,62.5,63.75,61.166666666666664,61.166666666666664,61.166666666666664,62.5,65.0,56.0,9.0,4.645786621588785,59.839999999999996,61.5,-2.5,6.5,2.5833333333333357,6.5,3.2500000000000004,3.2500000000000004,0,1,0,3,0.0,0.0,0,3,4,3,3,3,3,1.8958333333333333,0.7365695637359869,3.0833333333333335,6.875,0.38095238095238093,0,3,0,0.0,61.166666666666664,61.166666666666664,61.166666666666664,0.0,0,1,0,2,3,0.33333333333333337,1
874,20,2026-04-27 18:14:09.063155,1,17,68.0,0,16.0,64.0,63.25,63.833333333333336,61.875,61.875,63.25,65.0,56.0,9.0,4.049176871085447,61.087999999999994,62.75,1.5,8.0,1.375,8.0,-0.4999999999999993,-0.4999999999999993,1,0,0,4,0.0,0.0,0,4,5,4,2,4,4,2.2916666666666665,0.8609990966571595,2.25,9.125,0.3950617283950617,0,4,0,0.0,61.875,61.875,61.875,0.0,0,1,0,2,4,0.5,1
875,20,2026-04-29 00:14:09.063155,1,23,76.67,1,17.0,68.0,66.0,64.83333333333333,63.1,63.1,64.0,68.0,56.0,12.0,4.449719092257397,63.16159999999999,65.375,4.0,12.0,2.8999999999999986,12.0,2.7500000000000013,2.3000000000000007,2,0,0,5,0.0,0.0,0,5,6,5,3,5,5,2.28125,0.7033114464735668,1.25,10.375,0.43956043956043955,0,5,0,0.0,63.1,63.1,63.1,-1.0,1,0,0,2,5,0.6,1
876,20,2026-05-03 06:14:09.063155,1,20,80.0,1,23.0,76.67,72.33500000000001,69.55666666666667,67.23400000000001,65.36166666666666,64.5,76.67,56.0,20.67,6.821350061876803,67.21412,71.02250000000001,8.670000000000002,20.67,6.973333333333343,20.67,6.335000000000002,2.8839999999999963,3,0,1,5,0.16666666666666666,0.3333333333333333,1,0,7,6,2,5,6,2.075,0.7639898923124281,4.25,14.625,0.384,1,5,0,0.0,76.67,63.1,65.36166666666666,0.0,1,0,0,2,6,0.6666666666666667,1
877,20,2026-05-05 16:14:09.063155,1,35,87.5,1,20.0,80.0,78.33500000000001,74.89,70.23400000000001,67.45285714285714,65.0,80.0,56.0,24.0,8.329899387719147,71.04988399999999,75.51125,3.3299999999999983,24.0,10.882142857142867,24.0,5.999999999999998,4.766999999999995,4,0,2,5,0.2857142857142857,0.6666666666666666,2,0,8,7,2,5,7,2.4375,1.1204382823004775,2.4166666666666665,17.041666666666668,0.3879907621247113,2,5,0,0.0,78.33500000000001,63.1,67.45285714285714,1.0,0,1,0,2,7,0.7142857142857143,1
878,20,2026-05-07 02:14:09.063155,1,24,80.0,1,35.0,87.5,83.75,81.39,75.23400000000001,69.95875000000001,66.5,87.5,56.0,31.5,10.474290207796557,75.98491879999999,81.50562500000001,7.5,31.5,13.791249999999991,31.5,5.415,5.899999999999996,5,0,3,5,0.375,1.0,3,0,9,8,2,5,8,2.4345238095238098,1.0228458458333907,1.4166666666666667,18.458333333333332,0.411134903640257,2,6,0,0.0,78.33500000000001,67.16666666666667,69.95875000000001,1.0,0,0,1,2,8,0.75,1
880,21,2026-07-15 17:14:09.063214,1,10,33.33,0,11.0,44.0,44.0,44.0,44.0,44.0,44.0,44.0,44.0,0.0,0.0,44.0,44.0,0.0,0.0,0.0,0.0,0.0,0.0,0,0,0,1,0.0,0.0,0,1,2,1,0,1,1,0.0,0.0,7.166666666666667,7.166666666666667,0.12244897959183672,1,0,0,0.0,44.0,44.0,44.0,2.0,0,0,1,1,1,0.0,1
881,21,2026-07-17 20:14:09.063214,1,24,48.0,0,10.0,33.33,38.665,38.665,38.665,38.665,38.665,44.0,33.33,10.670000000000002,7.544829355260464,40.79899999999999,38.665,-10.670000000000002,-10.670000000000002,0.0,-10.670000000000002,0.0,0.0,0,1,0,2,0.0,0.0,0,2,3,2,1,2,2,7.166666666666667,0.0,2.125,9.291666666666666,0.19433198380566802,1,0,1,0.5,44.0,38.665,33.33,-1.0,0,1,0,1,2,0.5,1
882,21,2026-07-19 03:14:09.063214,1,16,53.33,0,24.0,48.0,40.665,41.776666666666664,41.776666666666664,41.776666666666664,44.0,48.0,33.33,14.670000000000002,7.583510620638264,42.95929999999999,43.332499999999996,14.670000000000002,4.0,-1.1116666666666646,4.0,1.9999999999999971,1.9999999999999971,1,0,0,3,0.0,0.0,0,3,4,3,2,3,3,4.645833333333334,3.5649966884821773,1.2916666666666667,10.583333333333334,0.2589928057553957,1,1,1,0.3333333333333333,44.0,48.0,33.33,-1.0,1,0,0,2,3,0.33333333333333337,1
883,21,2026-07-20 13:14:09.063214,1,14,56.0,0,16.0,53.33,50.665,44.88666666666666,44.665,44.665,46.0,53.33,33.33,20.0,8.46815406882358,46.07050999999999,48.33125,5.329999999999998,9.329999999999998,6.0,9.329999999999998,9.999999999999996,9.999999999999996,2,0,0,4,0.0,0.0,0,4,5,4,3,4,4,3.527777777777778,3.17879621403612,1.4166666666666667,12.0,0.3076923076923077,2,1,1,0.25,48.665,48.0,33.33,0.0,1,0,0,2,4,0.5,1
884,21,2026-07-21 16:14:09.063214,1,16,53.33,0,14.0,56.0,54.665,52.44333333333333,46.932,46.932,48.0,56.0,33.33,22.67,8.915081042817278,49.049356999999986,52.165625,2.6700000000000017,12.0,7.732999999999997,12.0,4.000000000000001,4.399999999999996,3,0,0,5,0.0,0.0,0,5,6,5,4,5,5,3.0,2.8019090714090717,1.125,13.125,0.35398230088495575,3,1,1,0.2,51.10999999999999,48.0,33.33,1.0,0,1,0,2,5,0.6,1
885,21,2026-07-23 00:14:09.063214,1,15,50.0,0,16.0,53.33,54.665,54.22,48.798,47.998333333333335,50.665,56.0,33.33,22.67,8.3907887988357,50.33354989999998,52.747812499999995,-2.6700000000000017,9.329999999999998,6.666666666666664,9.329999999999998,-3.17764371615651e-15,4.800000000000001,0,1,0,6,0.0,0.0,0,6,7,6,4,5,6,2.625,2.5673226975457006,1.3333333333333333,14.458333333333334,0.3881401617250674,3,2,1,0.16666666666666666,51.10999999999999,50.665,33.33,1.0,0,0,1,2,6,0.6666666666666667,1
886,21,2026-07-24 02:14:09.063214,1,18,60.0,0,15.0,50.0,51.665,53.10999999999999,52.13199999999999,48.284285714285716,50.0,56.0,33.33,22.67,7.696979617882279,50.23348492999998,51.37390625,-3.3299999999999983,6.0,3.3807142857142836,6.0,-2.999999999999999,0.40000000000000246,0,2,0,7,0.0,0.0,0,7,8,7,5,6,7,2.4097222222222223,2.3560525877612104,1.0833333333333333,15.541666666666666,0.4231738035264484,3,2,2,0.2857142857142857,51.10999999999999,50.665,41.665,-2.0,1,0,0,3,7,0.5714285714285714,1
887,21,2026-07-27 10:14:09.063214,1,17,56.67,0,18.0,60.0,55.0,54.44333333333333,54.532,49.74875,51.665,60.0,33.33,26.67,8.242413719813598,53.16343945099999,55.686953125,10.0,16.0,5.251249999999999,16.0,3.334999999999996,0.7339999999999975,1,0,0,8,0.0,0.0,0,8,9,8,4,7,8,2.2202380952380953,2.208426922245667,3.3333333333333335,18.875,0.4025157232704403,4,2,2,0.25,53.332499999999996,50.665,41.665,2.0,0,0,1,3,8,0.625,1
889,22,2026-07-25 20:14:09.063274,1,12,40.0,0,9.0,45.0,45.0,45.0,45.0,45.0,45.0,45.0,45.0,0.0,0.0,45.0,45.0,0.0,0.0,0.0,0.0,0.0,0.0,0,0,0,1,0.0,0.0,0,1,2,1,1,1,1,0.0,0.0,2.125,2.125,0.32,0,1,0,0.0,45.0,45.0,45.0,1.0,0,0,1,1,1,0.0,1
890,22,2026-07-28 02:14:09.063274,1,14,46.67,0,12.0,40.0,42.5,42.5,42.5,42.5,42.5,45.0,40.0,5.0,3.5355339059327378,43.5,42.5,-5.0,-5.0,0.0,-5.0,0.0,0.0,0,1,0,2,0.0,0.0,0,2,3,2,2,2,2,2.125,0.0,2.25,4.375,0.37209302325581395,0,1,1,0.5,42.5,45.0,40.0,-2.0,1,0,0,1,2,0.5,1
891,22,2026-07-30 09:14:09.063274,1,24,48.0,0,14.0,46.67,43.335,43.89000000000001,43.89000000000001,43.89000000000001,45.0,46.67,40.0,6.670000000000002,3.4707780107635817,44.451,44.585,6.670000000000002,1.6700000000000017,-0.5550000000000068,1.6700000000000017,0.8349999999999931,0.8349999999999931,1,0,0,3,0.0,0.0,0,3,4,3,3,3,3,2.1875,0.08838834764831845,2.2916666666666665,6.666666666666667,0.3913043478260869,1,1,1,0.3333333333333333,46.67,45.0,40.0,1.0,0,1,0,2,3,0.33333333333333337,1
892,22,2026-08-01 17:14:09.063274,1,15,60.0,0,24.0,48.0,47.335,44.89000000000001,44.917500000000004,44.917500000000004,45.835,48.0,40.0,8.0,3.5005559082332436,45.515699999999995,46.292500000000004,1.3299999999999983,3.0,2.417499999999997,3.0,3.999999999999996,3.999999999999996,2,0,0,4,0.0,0.0,0,4,5,4,3,4,4,2.222222222222222,0.08673608331108881,2.3333333333333335,9.0,0.4,1,2,1,0.25,46.67,46.5,40.0,0.0,0,1,0,3,4,0.25,1
893,22,2026-08-03 21:14:09.063274,1,19,63.33,0,15.0,60.0,54.0,51.55666666666667,47.934000000000005,47.934000000000005,46.67,60.0,40.0,20.0,7.395051047829217,49.860989999999994,53.14625,12.0,15.0,6.065999999999995,15.0,6.6649999999999965,3.799999999999998,3,0,0,5,0.0,0.0,0,5,6,5,3,5,5,2.25,0.09001028747788696,2.1666666666666665,11.166666666666666,0.4109589041095891,1,3,1,0.2,46.67,51.0,40.0,-1.0,1,0,0,3,5,0.4,1
894,22,2026-08-05 01:14:09.063274,1,19,63.33,0,19.0,63.33,61.665,57.10999999999999,51.6,50.5,47.335,63.33,40.0,23.33,9.124448476483387,53.901692999999995,58.238125,3.3299999999999983,18.33,11.165,18.33,7.664999999999992,5.998999999999998,4,0,0,6,0.0,0.0,0,6,7,6,3,6,6,2.2333333333333334,0.08640183897219889,1.1666666666666667,12.333333333333334,0.44999999999999996,2,3,1,0.16666666666666666,55.0,51.0,40.0,1.0,0,1,0,3,6,0.5,1
896,23,2026-07-13 14:14:09.063322,1,21,42.0,0,10.0,33.33,33.33,33.33,33.33,33.33,33.33,33.33,33.33,0.0,0.0,33.33,33.33,0.0,0.0,0.0,0.0,0.0,0.0,0,0,0,1,0.0,0.0,0,1,2,1,1,1,1,0.0,0.0,2.375,2.375,0.2962962962962963,0,1,0,0.0,33.33,33.33,33.33,-1.0,1,0,0,1,1,0.0,1
897,23,2026-07-16 18:14:09.063322,1,9,36.0,0,21.0,42.0,37.665,37.665,37.665,37.665,37.665,42.0,33.33,8.670000000000002,6.130615792887369,35.931,37.665,8.670000000000002,8.670000000000002,0.0,8.670000000000002,0.0,0.0,1,0,0,2,0.0,0.0,0,2,3,2,2,2,2,2.375,0.0,3.1666666666666665,5.541666666666667,0.3057324840764331,1,1,0,0.0,42.0,33.33,37.665,1.0,0,1,0,1,2,0.5,1
898,23,2026-07-20 23:14:09.063322,1,16,40.0,0,9.0,36.0,39.0,37.11,37.11,37.11,36.0,42.0,33.33,8.670000000000002,4.4403040436438586,35.951699999999995,36.832499999999996,-6.0,2.6700000000000017,1.8900000000000006,2.6700000000000017,1.3349999999999986,1.3349999999999986,0,1,0,3,0.0,0.0,0,3,4,3,1,3,3,2.770833333333333,0.55979286843935,4.208333333333333,9.75,0.27906976744186046,1,2,0,0.0,42.0,34.665,37.11,0.0,0,1,0,2,3,0.33333333333333337,1
899,23,2026-07-22 02:14:09.063322,1,18,45.0,0,16.0,40.0,38.0,39.333333333333336,37.832499999999996,37.832499999999996,38.0,42.0,33.33,8.670000000000002,3.9028483188563716,37.16619,38.41625,4.0,6.670000000000002,0.16750000000000398,6.670000000000002,-1.0000000000000049,-1.0000000000000049,1,0,0,4,0.0,0.0,0,4,5,4,2,4,4,3.25,0.9195031871130794,1.125,10.875,0.3368421052631579,1,3,0,0.0,42.0,36.443333333333335,37.832499999999996,0.0,0,1,0,2,4,0.5,1
900,23,2026-07-25 06:14:09.063322,1,17,42.5,0,18.0,45.0,42.5,40.333333333333336,39.266,39.266,40.0,45.0,33.33,11.670000000000002,4.658194929369101,39.516333,41.708124999999995,5.0,11.670000000000002,3.2340000000000018,11.670000000000002,4.499999999999998,2.1340000000000003,2,0,0,5,0.0,0.0,0,5,6,5,2,4,5,2.71875,1.3009856484248423,3.1666666666666665,14.041666666666666,0.33240997229916897,1,4,0,0.0,42.0,38.582499999999996,39.266,0.0,0,1,0,3,5,0.4,1
901,23,2026-07-26 14:14:09.063322,1,9,36.0,0,17.0,42.5,43.75,42.5,41.1,39.805,41.0,45.0,33.33,11.670000000000002,4.370600645220288,40.411433099999996,42.1040625,-2.5,9.170000000000002,3.9450000000000003,9.170000000000002,1.2499999999999998,0.999999999999999,0,1,0,6,0.0,0.0,0,6,7,6,3,5,6,2.808333333333333,1.1443551070848204,1.3333333333333333,15.375,0.366412213740458,1,5,0,0.0,42.0,39.366,39.805,1.0,0,0,1,3,6,0.5,1
902,23,2026-07-30 20:14:09.063322,1,16,53.33,0,9.0,36.0,39.25,41.166666666666664,39.9,39.26142857142857,40.0,45.0,33.33,11.670000000000002,4.241078591472648,39.08800316999999,39.05203125,-6.5,2.6700000000000017,-0.011428571428567125,2.6700000000000017,-4.5,0.24999999999999684,0,2,0,7,0.0,0.0,0,7,8,7,2,4,7,2.5625,1.1875365491451433,4.25,19.625,0.3393939393939394,1,5,1,0.14285714285714285,42.0,39.366,36.0,-2.0,1,0,0,3,7,0.5714285714285714,1
903,23,2026-08-01 22:14:09.063322,1,19,47.5,0,16.0,53.33,44.665,43.94333333333333,43.366,41.019999999999996,41.0,53.33,33.33,20.0,6.337018226263832,43.36060221899999,46.191015625,17.33,20.0,3.645000000000003,20.0,5.414999999999999,1.7659999999999993,1,0,0,8,0.0,0.0,0,8,9,8,2,5,8,2.8035714285714284,1.257780021311589,2.0833333333333335,21.708333333333332,0.3522935779816514,2,5,1,0.125,47.665,39.366,36.0,1.0,0,1,0,3,8,0.625,1
904,23,2026-08-04 05:14:09.063322,1,14,46.67,0,19.0,47.5,50.415,45.60999999999999,44.866,41.739999999999995,42.0,53.33,33.33,20.0,6.309015374842575,44.60242155329999,46.8455078125,-5.829999999999998,14.170000000000002,8.675000000000004,14.170000000000002,5.7500000000000036,1.5829999999999966,0,1,0,9,0.0,0.0,0,9,10,9,2,5,9,2.713541666666667,1.1919949389673639,2.2916666666666665,24.0,0.36,2,6,1,0.1111111111111111,47.665,40.721666666666664,36.0,0.0,0,1,0,3,9,0.6666666666666667,1
906,24,2026-06-05 23:14:09.063389,1,9,45.0,0,13.0,52.0,52.0,52.0,52.0,52.0,52.0,52.0,52.0,0.0,0.0,52.0,52.0,0.0,0.0,0.0,0.0,0.0,0.0,0,0,0,1,0.0,0.0,0,1,2,1,1,1,1,0.0,0.0,2.0416666666666665,2.0416666666666665,0.32876712328767127,1,0,0,0.0,52.0,52.0,52.0,1.0,0,1,0,1,1,0.0,1
907,24,2026-06-08 02:14:09.063389,1,24,48.0,0,9.0,45.0,48.5,48.5,48.5,48.5,48.5,52.0,45.0,7.0,4.949747468305833,49.9,48.5,-7.0,-7.0,0.0,-7.0,0.0,0.0,0,1,0,2,0.0,0.0,0,2,3,2,2,2,2,2.0416666666666665,0.0,2.125,4.166666666666667,0.3870967741935484,1,1,0,0.0,52.0,45.0,48.5,1.0,0,0,1,1,2,0.5,1
908,24,2026-06-11 03:14:09.063389,1,17,56.67,0,24.0,48.0,46.5,48.333333333333336,48.333333333333336,48.333333333333336,48.0,52.0,45.0,7.0,3.5118845842842465,49.33,48.25,3.0,-4.0,-1.8333333333333357,-4.0,-2.0000000000000067,-2.0000000000000067,1,0,0,3,0.0,0.0,0,3,4,3,2,3,3,2.083333333333333,0.058925565098879064,3.0416666666666665,7.208333333333333,0.3654822335025381,1,1,1,0.3333333333333333,52.0,45.0,48.0,-1.0,0,1,0,2,3,0.33333333333333337,1
909,24,2026-06-16 06:14:09.063389,1,25,62.5,0,17.0,56.67,52.335,49.89000000000001,50.417500000000004,50.417500000000004,50.0,56.67,45.0,11.670000000000002,5.05937002007167,51.532,52.46,8.670000000000002,4.670000000000002,1.9174999999999969,4.670000000000002,5.835000000000001,5.835000000000001,2,0,0,4,0.0,0.0,0,4,5,4,1,4,4,2.4027777777777772,0.5548606765399494,5.125,12.333333333333334,0.3,1,2,1,0.25,52.0,50.835,48.0,0.0,0,1,0,2,4,0.5,1
910,24,2026-06-21 13:14:09.063389,1,17,68.0,0,25.0,62.5,59.585,55.723333333333336,52.834,52.834,52.0,62.5,45.0,17.5,6.956671617950642,54.822399999999995,57.480000000000004,5.829999999999998,10.5,6.750999999999998,10.5,7.249999999999992,3.266999999999997,3,0,0,5,0.0,0.0,0,5,6,5,1,3,5,3.083333333333333,1.4345279259639285,5.291666666666667,17.625,0.2684563758389262,1,3,1,0.2,52.0,54.723333333333336,48.0,0.0,0,1,0,2,5,0.6,1
911,24,2026-06-22 14:14:09.063389,1,31,77.5,1,17.0,68.0,65.25,62.39000000000001,56.034000000000006,55.36166666666667,54.335,68.0,45.0,23.0,8.777859458129111,58.775679999999994,62.74,5.5,16.0,9.888333333333328,16.0,5.664999999999992,6.049999999999997,4,0,0,6,0.0,0.0,0,6,7,6,2,3,6,3.525,1.5870570248103881,1.0416666666666667,18.666666666666668,0.30508474576271183,1,4,1,0.16666666666666666,52.0,58.042500000000004,48.0,0.0,0,1,0,2,6,0.6666666666666667,1
913,25,2026-04-21 23:14:09.063442,1,21,42.0,0,13.0,43.33,43.33,43.33,43.33,43.33,43.33,43.33,43.33,0.0,0.0,43.33,43.33,0.0,0.0,0.0,0.0,0.0,0.0,0,0,0,1,0.0,0.0,0,1,2,1,0,1,1,0.0,0.0,7.083333333333333,7.083333333333333,0.12371134020618559,0,1,0,0.0,43.33,43.33,43.33,-1.0,1,0,0,1,1,0.0,1
914,25,2026-04-24 09:14:09.063442,1,16,40.0,0,21.0,42.0,42.665,42.665,42.665,42.665,42.665,43.33,42.0,1.3299999999999983,0.940452018978107,42.931,42.665,-1.3299999999999983,-1.3299999999999983,0.0,-1.3299999999999983,0.0,0.0,0,1,0,2,0.0,0.0,0,2,3,2,1,2,2,7.083333333333333,0.0,2.4166666666666665,9.5,0.19047619047619047,1,1,0,0.0,42.0,43.33,42.665,2.0,0,0,1,2,2,0.0,1
915,25,2026-05-01 14:14:09.063442,1,13,43.33,0,16.0,40.0,41.0,41.776666666666664,41.776666666666664,41.776666666666664,42.0,43.33,40.0,3.3299999999999983,1.6761960903585627,42.0517,41.332499999999996,-2.0,-3.3299999999999983,-0.7766666666666637,-3.3299999999999983,-1.6650000000000005,-1.6650000000000005,0,2,0,3,0.0,0.0,0,3,4,3,0,2,3,4.75,3.2998316455372216,7.208333333333333,16.708333333333332,0.16941176470588237,1,1,1,0.3333333333333333,42.0,43.33,40.0,-1.0,0,1,0,3,3,0.0,1
916,25,2026-05-04 22:14:09.063442,1,11,44.0,0,13.0,43.33,41.665,41.776666666666664,42.165,42.165,42.665,43.33,40.0,3.3299999999999983,1.573626385137208,42.43518999999999,42.33125,3.3299999999999983,0.0,-0.5,0.0,0.6650000000000017,0.6650000000000017,1,0,0,4,0.0,0.0,0,4,5,4,1,3,4,5.569444444444444,2.731100883716498,3.3333333333333335,20.041666666666668,0.1900990099009901,1,2,1,0.25,42.0,43.33,40.0,0.0,0,1,0,3,4,0.25,1
917,25,2026-05-12 06:14:09.063442,1,10,50.0,0,11.0,44.0,43.665,42.443333333333335,42.532,42.532,43.33,44.0,40.0,4.0,1.5908079708123162,42.90463299999999,43.165625,0.6700000000000017,0.6700000000000017,1.1330000000000027,0.6700000000000017,2.0000000000000004,0.2669999999999972,2,0,0,5,0.0,0.0,0,5,6,5,0,2,5,5.010416666666666,2.494525255434388,7.333333333333333,27.375,0.1762114537444934,1,3,1,0.2,42.0,43.553333333333335,40.0,0.0,0,1,0,3,5,0.4,1
918,25,2026-05-14 09:14:09.063442,1,22,55.0,0,10.0,50.0,47.0,45.776666666666664,43.866,43.776666666666664,43.33,50.0,40.0,10.0,3.364477175827868,45.03324309999999,46.5828125,6.0,6.670000000000002,3.2233333333333363,6.670000000000002,3.334999999999999,1.999999999999998,3,0,0,6,0.0,0.0,0,6,7,6,1,3,6,5.475,2.397119220138113,2.125,29.5,0.19672131147540983,1,4,1,0.16666666666666666,42.0,45.165,40.0,0.0,0,1,0,3,6,0.5,1
919,25,2026-05-21 12:14:09.063442,1,23,57.5,0,22.0,55.0,52.5,49.666666666666664,46.465999999999994,45.379999999999995,43.33,55.0,40.0,15.0,5.237158898996032,48.02327016999999,50.79140625,5.0,11.670000000000002,7.1200000000000045,11.670000000000002,5.499999999999999,3.6669999999999967,4,0,0,7,0.0,0.0,0,7,8,7,0,2,6,4.916666666666666,2.543100688354889,7.125,36.625,0.18604651162790697,1,5,1,0.14285714285714285,42.0,47.132,40.0,1.0,0,0,1,3,7,0.5714285714285714,1
920,25,2026-05-26 21:14:09.063442,1,13,65.0,0,23.0,57.5,56.25,54.166666666666664,49.965999999999994,46.894999999999996,43.665,57.5,40.0,17.5,6.470809178809976,50.86628911899999,54.145703125,2.5,14.170000000000002,9.355000000000004,14.170000000000002,3.7499999999999996,3.933999999999998,5,0,0,8,0.0,0.0,0,8,9,8,1,2,5,5.232142857142857,2.4670111835770383,5.375,42.0,0.18604651162790697,1,5,2,0.25,42.0,47.132,48.75,-1.0,0,1,0,3,8,0.625,1
922,26,2026-06-04 23:14:09.063503,1,12,60.0,0,21.0,52.5,52.5,52.5,52.5,52.5,52.5,52.5,52.5,0.0,0.0,52.5,52.5,0.0,0.0,0.0,0.0,0.0,0.0,0,0,0,1,0.0,0.0,0,1,2,1,1,1,1,0.0,0.0,4.041666666666667,4.041666666666667,0.1983471074380165,0,0,1,1.0,52.5,52.5,52.5,-1.0,0,1,0,1,1,0.0,1
923,26,2026-06-06 01:14:09.063503,1,15,60.0,0,12.0,60.0,56.25,56.25,56.25,56.25,56.25,60.0,52.5,7.5,5.303300858899107,54.75,56.25,7.5,7.5,0.0,7.5,0.0,0.0,1,0,0,2,0.0,0.0,0,2,3,2,2,2,2,4.041666666666667,0.0,1.0833333333333333,5.125,0.32653061224489793,0,1,1,0.5,56.25,60.0,52.5,1.0,0,0,1,1,2,0.5,1
924,26,2026-06-07 10:14:09.063503,1,22,73.33,1,15.0,60.0,60.0,57.5,57.5,57.5,60.0,60.0,52.5,7.5,4.330127018922194,56.324999999999996,58.125,0.0,7.5,2.5,7.5,3.7499999999999964,3.7499999999999964,0,0,0,3,0.0,0.0,0,3,4,3,3,3,3,2.5625,2.0918575610102033,1.375,6.5,0.4,0,1,2,0.6666666666666666,57.5,60.0,56.25,-1.0,0,1,0,2,3,0.33333333333333337,1
925,26,2026-06-10 14:14:09.063503,1,32,64.0,0,22.0,73.33,66.66499999999999,64.44333333333333,61.457499999999996,61.457499999999996,60.0,73.33,52.5,20.83,8.668749909877432,61.42649999999999,65.72749999999999,13.329999999999998,20.83,5.207499999999996,20.83,6.665,6.665,1,0,1,3,0.25,0.3333333333333333,1,0,5,4,3,4,4,2.1666666666666665,1.6303331288761544,3.1666666666666665,9.666666666666666,0.375,0,2,2,0.5,61.457499999999996,66.66499999999999,56.25,0.0,0,1,0,3,4,0.25,1
926,26,2026-06-12 19:14:09.063503,1,13,65.0,0,32.0,64.0,68.66499999999999,65.77666666666666,61.965999999999994,61.965999999999994,60.0,73.33,52.5,20.83,7.592975701264952,62.19854999999998,64.86375,-9.329999999999998,11.5,6.698999999999998,11.5,2.0000000000000036,3.6330000000000027,0,1,1,4,0.2,0.3333333333333333,0,1,6,5,3,5,5,2.4166666666666665,1.4219672080398833,2.2083333333333335,11.875,0.3883495145631068,0,3,2,0.4,61.965999999999994,65.77666666666666,56.25,0.0,0,1,0,3,5,0.4,1
927,26,2026-06-13 20:14:09.063503,1,34,68.0,0,13.0,65.0,64.5,67.44333333333333,64.466,62.471666666666664,62.0,73.33,52.5,20.83,6.90339167849157,63.03898499999998,64.93187499999999,1.0,12.5,2.028333333333336,12.5,-4.1649999999999965,1.3999999999999964,1,0,1,5,0.16666666666666666,0.3333333333333333,0,2,7,6,3,6,6,2.375,1.2349791946065776,1.0416666666666667,12.916666666666666,0.4311377245508982,0,4,2,0.3333333333333333,62.471666666666664,65.5825,56.25,0.0,0,1,0,3,6,0.5,1
928,26,2026-06-21 01:14:09.063503,1,18,72.0,1,34.0,68.0,66.5,65.66666666666667,66.066,63.26142857142857,64.0,73.33,52.5,20.83,6.639283165551906,64.52728949999998,66.4659375,3.0,15.5,3.238571428571433,15.5,2.0000000000000004,0.7669999999999961,2,0,1,6,0.14285714285714285,0.0,0,3,8,7,0,4,7,2.1527777777777777,1.2314362286310994,7.208333333333333,20.125,0.33136094674556216,0,5,2,0.2857142857142857,63.26142857142857,66.066,56.25,0.0,0,1,0,3,7,0.5714285714285714,1
929,26,2026-06-26 09:14:09.063503,1,35,70.0,1,18.0,72.0,70.0,68.33333333333333,68.466,64.35374999999999,64.5,73.33,52.5,20.83,6.879553427159561,66.76910264999998,69.23296875,4.0,19.5,5.646250000000009,19.5,3.499999999999995,0.13400000000000095,3,0,2,6,0.25,0.3333333333333333,1,0,9,8,1,3,8,2.875,2.2169642657371713,5.333333333333333,25.458333333333332,0.30236220472440944,0,6,2,0.25,64.35374999999999,67.05499999999999,56.25,0.0,0,1,0,3,8,0.625,1
931,27,2026-07-08 22:14:09.063562,1,9,45.0,0,10.0,40.0,40.0,40.0,40.0,40.0,40.0,40.0,40.0,0.0,0.0,40.0,40.0,0.0,0.0,0.0,0.0,0.0,0.0,0,0,0,1,0.0,0.0,0,1,2,1,1,1,1,0.0,0.0,3.0416666666666665,3.0416666666666665,0.24742268041237117,1,0,0,0.0,40.0,40.0,40.0,0.0,1,0,0,1,1,0.0,1
932,27,2026-07-13 08:14:09.063562,1,19,47.5,0,9.0,45.0,42.5,42.5,42.5,42.5,42.5,45.0,40.0,5.0,3.5355339059327378,41.5,42.5,5.0,5.0,0.0,5.0,0.0,0.0,1,0,0,2,0.0,0.0,0,2,3,2,1,2,2,3.0416666666666665,0.0,4.416666666666667,7.458333333333333,0.2364532019704434,2,0,0,0.0,42.5,42.5,42.5,0.0,1,0,0,1,2,0.5,1
933,27,2026-07-14 16:14:09.063562,1,14,35.0,0,19.0,47.5,46.25,44.166666666666664,44.166666666666664,44.166666666666664,45.0,47.5,40.0,7.5,3.818813079129867,43.3,45.0,2.5,7.5,2.0833333333333357,7.5,3.7500000000000044,3.7500000000000044,2,0,0,3,0.0,0.0,0,3,4,3,2,3,3,3.729166666666667,0.9722718241315031,1.3333333333333333,8.791666666666666,0.30638297872340425,3,0,0,0.0,44.166666666666664,44.166666666666664,44.166666666666664,2.0,0,0,1,2,3,0.33333333333333337,1
934,27,2026-07-17 21:14:09.063562,1,18,36.0,0,14.0,35.0,41.25,42.5,41.875,41.875,42.5,47.5,35.0,12.5,5.543389456520863,40.809999999999995,40.0,-12.5,-5.0,-0.625,-5.0,-4.9999999999999964,-4.9999999999999964,0,1,0,4,0.0,0.0,0,4,5,4,2,4,4,2.930555555555556,1.5446667505874434,3.2083333333333335,12.0,0.3076923076923077,3,0,1,0.25,44.166666666666664,41.875,35.0,-1.0,0,1,0,3,4,0.25,1
935,27,2026-07-21 04:14:09.063562,1,11,44.0,0,18.0,36.0,35.5,39.5,40.7,40.7,40.0,47.5,35.0,12.5,5.472659317004851,39.36699999999999,38.0,1.0,-4.0,-5.200000000000003,-4.0,-5.75,-1.8,1,0,0,5,0.0,0.0,0,5,6,5,2,4,5,3.0000000000000004,1.268839510617361,3.2916666666666665,15.291666666666666,0.30690537084398983,3,1,1,0.2,44.166666666666664,36.0,35.0,-1.0,1,0,0,3,5,0.4,1
936,27,2026-07-28 10:14:09.063562,1,17,42.5,0,11.0,44.0,40.0,38.333333333333336,41.5,41.25,42.0,47.5,35.0,12.5,5.076908508137604,40.75689999999999,41.0,8.0,4.0,-1.25,4.0,4.499999999999998,-1.3500000000000054,2,0,0,6,0.0,0.0,0,6,7,6,0,3,6,3.0583333333333336,1.1065618675278246,7.25,22.541666666666668,0.25486725663716814,4,1,1,0.16666666666666666,44.125,36.0,35.0,2.0,0,0,1,3,6,0.5,1
937,27,2026-07-30 18:14:09.063562,1,9,45.0,0,17.0,42.5,43.25,40.833333333333336,41.0,41.42857142857143,42.5,47.5,35.0,12.5,4.658581431335182,41.27982999999999,41.75,-1.5,2.5,1.8214285714285694,2.5,3.2500000000000004,-0.10000000000000289,0,1,0,7,0.0,0.0,0,7,8,7,1,3,7,3.7569444444444446,1.9768480570698248,2.3333333333333335,24.875,0.27053140096618356,4,1,2,0.2857142857142857,44.125,36.0,38.75,0.0,0,0,1,3,7,0.5714285714285714,1
939,28,2026-06-08 22:14:09.063617,1,15,37.5,0,9.0,45.0,45.0,45.0,45.0,45.0,45.0,45.0,45.0,0.0,0.0,45.0,45.0,0.0,0.0,0.0,0.0,0.0,0.0,0,0,0,1,0.0,0.0,0,1,2,1,0,1,1,0.0,0.0,7.208333333333333,7.208333333333333,0.12182741116751271,1,0,0,0.0,45.0,45.0,45.0,2.0,0,0,1,1,1,0.0,1
940,28,2026-06-11 02:14:09.063617,1,20,50.0,0,15.0,37.5,41.25,41.25,41.25,41.25,41.25,45.0,37.5,7.5,5.303300858899107,42.75,41.25,-7.5,-7.5,0.0,-7.5,0.0,0.0,0,1,0,2,0.0,0.0,0,2,3,2,1,2,2,7.208333333333333,0.0,2.1666666666666665,9.375,0.1927710843373494,1,0,1,0.5,45.0,41.25,37.5,-2.0,1,0,0,1,2,0.5,1
941,28,2026-06-12 10:14:09.063617,1,23,46.0,0,20.0,50.0,43.75,44.166666666666664,44.166666666666664,44.166666666666664,45.0,50.0,37.5,12.5,6.2915286960589585,44.925,45.625,12.5,5.0,-0.4166666666666643,5.0,2.4999999999999964,2.4999999999999964,1,0,0,3,0.0,0.0,0,3,4,3,2,3,3,4.6875,3.5649966884821773,1.3333333333333333,10.708333333333334,0.25622775800711745,2,0,1,0.3333333333333333,47.5,44.166666666666664,37.5,1.0,0,1,0,2,3,0.33333333333333337,1
942,28,2026-06-15 14:14:09.063617,1,22,44.0,0,23.0,46.0,48.0,44.5,44.625,44.625,45.5,50.0,37.5,12.5,5.218157401484423,45.247499999999995,45.8125,-4.0,1.0,3.375,1.0,4.25,4.25,0,1,0,4,0.0,0.0,0,4,5,4,3,4,4,3.5694444444444446,3.17879621403612,3.1666666666666665,13.875,0.2689075630252101,2,1,1,0.25,47.5,46.0,37.5,1.0,0,0,1,3,4,0.25,1
943,28,2026-06-18 18:14:09.063617,1,13,52.0,0,22.0,44.0,45.0,46.666666666666664,44.5,44.5,45.0,50.0,37.5,12.5,4.527692569068709,44.87325,44.90625,-2.0,-1.0,0.5,-1.0,-3.000000000000002,0.6499999999999941,0,2,0,5,0.0,0.0,0,5,6,5,2,4,5,3.46875,2.6032776260222708,3.1666666666666665,17.041666666666668,0.27713625866050806,2,1,2,0.4,47.5,46.0,40.75,-1.0,0,1,0,3,5,0.4,1
945,29,2026-03-25 09:14:09.063659,1,25,50.0,0,10.0,50.0,50.0,50.0,50.0,50.0,50.0,50.0,50.0,0.0,0.0,50.0,50.0,0.0,0.0,0.0,0.0,0.0,0.0,0,0,0,1,0.0,0.0,0,1,2,1,1,1,1,0.0,0.0,3.0833333333333335,3.0833333333333335,0.24489795918367344,1,0,0,0.0,50.0,50.0,50.0,2.0,0,0,1,1,1,0.0,1
946,29,2026-03-29 11:14:09.063659,1,12,60.0,0,25.0,50.0,50.0,50.0,50.0,50.0,50.0,50.0,50.0,0.0,0.0,50.0,50.0,0.0,0.0,0.0,0.0,0.0,0.0,0,0,0,2,0.0,0.0,0,2,3,2,1,2,2,3.0833333333333335,0.0,4.083333333333333,7.166666666666667,0.24489795918367344,1,0,1,0.5,50.0,50.0,50.0,-1.0,0,1,0,1,2,0.5,1
947,29,2026-03-30 12:14:09.063659,1,17,56.67,0,12.0,60.0,55.0,53.333333333333336,53.333333333333336,53.333333333333336,50.0,60.0,50.0,10.0,5.773502691896258,53.0,55.0,10.0,10.0,1.6666666666666643,10.0,4.999999999999993,4.999999999999993,1,0,0,3,0.0,0.0,0,3,4,3,2,3,3,3.583333333333333,0.7071067811865472,1.0416666666666667,8.208333333333334,0.32579185520361986,1,1,1,0.3333333333333333,50.0,60.0,50.0,-1.0,1,0,0,2,3,0.33333333333333337,1
948,29,2026-04-01 14:14:09.063659,1,28,56.0,0,17.0,56.67,58.335,55.55666666666667,54.167500000000004,54.167500000000004,53.335,60.0,50.0,10.0,5.000555802441698,54.101,55.835,-3.3299999999999983,6.670000000000002,4.167499999999997,6.670000000000002,3.335000000000002,3.335000000000002,0,1,0,4,0.0,0.0,0,4,5,4,2,4,4,2.7361111111111107,1.5502762597296913,2.0833333333333335,10.291666666666666,0.3542435424354244,2,1,1,0.25,53.335,60.0,50.0,1.0,0,1,0,2,4,0.5,1
949,29,2026-04-02 17:14:09.063659,1,32,64.0,0,28.0,56.0,56.335,57.55666666666667,54.534000000000006,54.534000000000006,56.0,60.0,50.0,10.0,4.407468661261246,54.6707,55.917500000000004,-0.6700000000000017,6.0,1.8009999999999948,6.0,-1.9999999999999971,1.866999999999998,0,2,0,5,0.0,0.0,0,5,6,5,3,5,5,2.5729166666666665,1.3071982868375827,1.125,11.416666666666666,0.4026845637583893,2,2,1,0.2,53.335,58.0,50.0,-1.0,1,0,0,3,5,0.4,1
951,30,2026-03-26 07:14:09.063701,1,15,37.5,0,8.0,32.0,32.0,32.0,32.0,32.0,32.0,32.0,32.0,0.0,0.0,32.0,32.0,0.0,0.0,0.0,0.0,0.0,0.0,0,0,0,1,0.0,0.0,0,1,2,1,1,1,1,0.0,0.0,1.0833333333333333,1.0833333333333333,0.4800000000000001,0,1,0,0.0,32.0,32.0,32.0,-1.0,1,0,0,1,1,0.0,1
952,30,2026-04-02 10:14:09.063701,1,7,35.0,0,15.0,37.5,34.75,34.75,34.75,34.75,34.75,37.5,32.0,5.5,3.8890872965260113,33.65,34.75,5.5,5.5,0.0,5.5,0.0,0.0,1,0,0,2,0.0,0.0,0,2,3,2,0,2,2,1.0833333333333333,0.0,7.125,8.208333333333334,0.21719457013574658,1,1,0,0.0,37.5,32.0,34.75,2.0,0,0,1,1,2,0.5,1
953,30,2026-04-04 13:14:09.063701,1,20,50.0,0,7.0,35.0,36.25,34.833333333333336,34.833333333333336,34.833333333333336,35.0,37.5,32.0,5.5,2.753785273643051,34.05499999999999,34.875,-2.5,3.0,1.4166666666666643,3.0,1.4999999999999964,1.4999999999999964,0,1,0,3,0.0,0.0,0,3,4,3,1,3,3,4.104166666666667,4.272103469668725,2.125,10.333333333333334,0.2647058823529412,1,1,1,0.3333333333333333,37.5,32.0,35.0,-2.0,1,0,0,2,3,0.33333333333333337,1
954,30,2026-04-05 16:14:09.063701,1,23,46.0,0,20.0,50.0,42.5,40.833333333333336,38.625,38.625,36.25,50.0,32.0,18.0,7.9096460097781875,38.838499999999996,42.4375,15.0,18.0,3.875,18.0,6.25,6.25,1,0,0,4,0.0,0.0,0,4,5,4,2,4,4,3.4444444444444446,3.2297266539537457,1.125,11.458333333333334,0.3210702341137124,2,1,1,0.25,43.75,32.0,35.0,2.0,0,0,1,2,4,0.5,1
955,30,2026-04-10 19:14:09.063701,1,10,50.0,0,23.0,46.0,48.0,43.666666666666664,40.1,40.1,37.5,50.0,32.0,18.0,7.602631123499285,40.98694999999999,44.21875,-4.0,14.0,7.899999999999999,14.0,5.499999999999997,4.049999999999995,0,1,0,5,0.0,0.0,0,5,6,5,2,3,5,2.8645833333333335,2.8808063348460076,5.125,16.583333333333332,0.2843601895734597,2,1,2,0.4,43.75,32.0,40.5,0.0,0,0,1,2,5,0.6,1
957,31,2026-05-04 04:14:09.063744,1,10,40.0,0,8.0,40.0,40.0,40.0,40.0,40.0,40.0,40.0,40.0,0.0,0.0,40.0,40.0,0.0,0.0,0.0,0.0,0.0,0.0,0,0,0,1,0.0,0.0,0,1,2,1,1,1,1,0.0,0.0,5.083333333333333,5.083333333333333,0.16438356164383564,0,1,0,0.0,40.0,40.0,40.0,0.0,0,1,0,1,1,0.0,1
958,31,2026-05-09 12:14:09.063744,1,9,45.0,0,10.0,40.0,40.0,40.0,40.0,40.0,40.0,40.0,40.0,0.0,0.0,40.0,40.0,0.0,0.0,0.0,0.0,0.0,0.0,0,0,0,2,0.0,0.0,0,2,3,2,1,2,2,5.083333333333333,0.0,5.333333333333333,10.416666666666666,0.17518248175182483,0,2,0,0.0,40.0,40.0,40.0,0.0,0,1,0,1,2,0.5,1
959,31,2026-05-12 14:14:09.063744,1,10,50.0,0,9.0,45.0,42.5,41.666666666666664,41.666666666666664,41.666666666666664,40.0,45.0,40.0,5.0,2.8867513459481287,41.5,42.5,5.0,5.0,0.8333333333333357,5.0,2.4999999999999982,2.4999999999999982,1,0,0,3,0.0,0.0,0,3,4,3,1,3,3,5.208333333333333,0.1767766952966369,3.0833333333333335,13.5,0.20689655172413793,0,3,0,0.0,41.666666666666664,41.666666666666664,41.666666666666664,0.0,0,1,0,2,3,0.33333333333333337,1
960,31,2026-05-14 16:14:09.063744,1,26,52.0,0,10.0,50.0,47.5,45.0,43.75,43.75,42.5,50.0,40.0,10.0,4.7871355387816905,44.05,46.25,5.0,10.0,3.75,10.0,5.0000000000000036,5.0000000000000036,2,0,0,4,0.0,0.0,0,4,5,4,2,3,4,4.5,1.2332207155790615,2.0833333333333335,15.583333333333334,0.24120603015075373,0,4,0,0.0,43.75,43.75,43.75,-1.0,1,0,0,2,4,0.5,1
961,31,2026-05-19 00:14:09.063744,1,26,52.0,0,26.0,52.0,51.0,49.0,45.4,45.4,45.0,52.0,40.0,12.0,5.549774770204643,46.434999999999995,49.125,2.0,12.0,5.600000000000001,12.0,3.499999999999992,3.3999999999999972,3,0,0,5,0.0,0.0,0,5,6,5,2,3,5,3.8958333333333335,1.5728821740147392,4.333333333333333,19.916666666666668,0.2390438247011952,1,4,0,0.0,52.0,43.75,45.4,0.0,1,0,0,2,5,0.6,1
962,31,2026-05-21 05:14:09.063744,1,16,53.33,0,26.0,52.0,52.0,51.333333333333336,47.8,46.5,47.5,52.0,40.0,12.0,5.648008498577175,48.104499999999994,50.5625,0.0,12.0,5.5,12.0,0.9999999999999986,3.0999999999999974,0,0,0,6,0.0,0.0,0,6,7,6,2,4,6,3.9833333333333334,1.3761358944522883,2.2083333333333335,22.125,0.2594594594594595,2,4,0,0.0,52.0,43.75,46.5,2.0,0,0,1,3,6,0.5,1
964,32,2026-03-13 05:14:09.063795,1,16,64.0,0,28.0,56.0,56.0,56.0,56.0,56.0,56.0,56.0,56.0,0.0,0.0,56.0,56.0,0.0,0.0,0.0,0.0,0.0,0.0,0,0,0,1,0.0,0.0,0,1,2,1,1,1,1,0.0,0.0,3.2083333333333335,3.2083333333333335,0.23762376237623759,0,1,0,0.0,56.0,56.0,56.0,-1.0,1,0,0,1,1,0.0,1
965,32,2026-03-18 08:14:09.063795,1,15,60.0,0,16.0,64.0,60.0,60.0,60.0,60.0,60.0,64.0,56.0,8.0,5.656854249492381,58.39999999999999,60.0,8.0,8.0,0.0,8.0,0.0,0.0,1,0,0,2,0.0,0.0,0,2,3,2,1,2,2,3.2083333333333335,0.0,5.125,8.333333333333334,0.21428571428571427,1,1,0,0.0,64.0,56.0,60.0,1.0,0,1,0,2,2,0.0,1
966,32,2026-03-22 13:14:09.063795,1,13,65.0,0,15.0,60.0,62.0,60.0,60.0,60.0,60.0,64.0,56.0,8.0,4.0,58.87999999999999,60.0,-4.0,4.0,2.0,4.0,1.9999999999999971,1.9999999999999971,0,1,0,3,0.0,0.0,0,3,4,3,1,3,3,4.166666666666667,1.355287997274216,4.208333333333333,12.541666666666666,0.22153846153846155,1,2,0,0.0,64.0,58.0,60.0,0.0,0,1,0,2,3,0.33333333333333337,1
967,32,2026-03-27 22:14:09.063795,1,20,66.67,0,13.0,65.0,62.5,63.0,61.25,61.25,62.0,65.0,56.0,9.0,4.112987559751022,60.71599999999999,62.5,5.0,9.0,1.25,9.0,0.4999999999999993,0.4999999999999993,1,0,0,4,0.0,0.0,0,4,5,4,1,2,4,4.180555555555556,0.9586352181520775,5.375,17.916666666666668,0.21145374449339205,1,3,0,0.0,64.0,60.333333333333336,61.25,0.0,0,1,0,2,4,0.5,1
968,32,2026-03-30 03:14:09.063795,1,29,72.5,1,20.0,66.67,65.83500000000001,63.89000000000001,62.334,62.334,64.0,66.67,56.0,10.670000000000002,4.308454479276763,62.50219999999999,64.58500000000001,1.6700000000000017,10.670000000000002,3.5010000000000048,10.670000000000002,3.334999999999993,2.233999999999997,2,0,0,5,0.0,0.0,0,5,6,5,1,3,5,4.479166666666667,0.98454492213596,2.2083333333333335,20.125,0.23668639053254437,1,4,0,0.0,64.0,61.917500000000004,62.334,-1.0,1,0,0,2,5,0.6,1
969,32,2026-04-06 11:14:09.063795,1,38,76.0,1,29.0,72.5,69.58500000000001,68.05666666666667,65.634,64.02833333333334,64.5,72.5,56.0,16.5,5.663463310260487,65.50153999999999,68.5425,5.829999999999998,16.5,5.556666666666672,16.5,3.7500000000000058,2.3669999999999907,3,0,1,5,0.16666666666666666,0.3333333333333333,1,0,7,6,0,2,6,4.025,1.326021618727739,7.333333333333333,27.458333333333332,0.2108345534407028,2,4,0,0.0,68.25,61.917500000000004,64.02833333333334,1.0,0,1,0,2,6,0.6666666666666667,1
971,33,2026-05-28 05:14:09.063846,1,12,40.0,0,18.0,36.0,36.0,36.0,36.0,36.0,36.0,36.0,36.0,0.0,0.0,36.0,36.0,0.0,0.0,0.0,0.0,0.0,0.0,0,0,0,1,0.0,0.0,0,1,2,1,1,1,1,0.0,0.0,4.125,4.125,0.1951219512195122,0,1,0,0.0,36.0,36.0,36.0,0.0,0,1,0,1,1,0.0,1
972,33,2026-05-29 06:14:09.063846,1,19,47.5,0,12.0,40.0,38.0,38.0,38.0,38.0,38.0,40.0,36.0,4.0,2.8284271247461903,37.2,38.0,4.0,4.0,0.0,4.0,0.0,0.0,1,0,0,2,0.0,0.0,0,2,3,2,2,2,2,4.125,0.0,1.0416666666666667,5.166666666666667,0.3243243243243243,0,2,0,0.0,38.0,38.0,38.0,0.0,0,1,0,1,2,0.5,1
973,33,2026-05-30 09:14:09.063846,1,15,50.0,0,19.0,47.5,43.75,41.166666666666664,41.166666666666664,41.166666666666664,40.0,47.5,36.0,11.5,5.838093296045665,40.29,42.75,7.5,11.5,2.5833333333333357,11.5,5.749999999999996,5.749999999999996,2,0,0,3,0.0,0.0,0,3,4,3,3,3,3,2.5833333333333335,2.1802459086585215,1.125,6.291666666666667,0.4114285714285714,0,3,0,0.0,41.166666666666664,41.166666666666664,41.166666666666664,0.0,0,1,0,1,3,0.6666666666666667,1
974,33,2026-06-01 10:14:09.063846,1,13,52.0,0,15.0,50.0,48.75,45.833333333333336,43.375,43.375,43.75,50.0,36.0,14.0,6.498397238293967,43.202999999999996,46.375,2.5,14.0,5.375,14.0,4.9999999999999964,4.9999999999999964,3,0,0,4,0.0,0.0,0,4,5,4,3,4,4,2.0972222222222223,1.7566013059735974,2.0416666666666665,8.333333333333334,0.42857142857142855,0,4,0,0.0,43.375,43.375,43.375,-1.0,1,0,0,2,4,0.5,1
975,33,2026-06-02 13:14:09.063846,1,11,44.0,0,13.0,52.0,51.0,49.833333333333336,45.1,45.1,47.5,52.0,36.0,16.0,6.822756041366275,45.842099999999995,49.1875,2.0,16.0,5.899999999999999,16.0,2.2499999999999982,4.199999999999998,4,0,0,5,0.0,0.0,0,5,6,5,4,5,5,2.0833333333333335,1.4345279259639283,1.125,9.458333333333334,0.4780876494023904,1,4,0,0.0,52.0,43.375,45.1,2.0,0,0,1,3,5,0.4,1
977,34,2026-05-28 07:14:09.063890,1,8,40.0,0,11.0,36.67,36.67,36.67,36.67,36.67,36.67,36.67,36.67,0.0,0.0,36.67,36.67,0.0,0.0,0.0,0.0,0.0,0.0,0,0,0,1,0.0,0.0,0,1,2,1,1,1,1,0.0,0.0,5.333333333333333,5.333333333333333,0.15789473684210528,0,1,0,0.0,36.67,36.67,36.67,-1.0,1,0,0,1,1,0.0,1
978,34,2026-05-29 14:14:09.063890,1,12,40.0,0,8.0,40.0,38.335,38.335,38.335,38.335,38.335,40.0,36.67,3.3299999999999983,2.354665581351202,37.669,38.335,3.3299999999999983,3.3299999999999983,0.0,3.3299999999999983,0.0,0.0,1,0,0,2,0.0,0.0,0,2,3,2,2,2,2,5.333333333333333,0.0,1.2916666666666667,6.625,0.26229508196721313,1,1,0,0.0,40.0,36.67,38.335,0.0,1,0,0,2,2,0.0,1
979,34,2026-06-05 23:14:09.063890,1,16,40.0,0,12.0,40.0,40.0,38.89,38.89,38.89,40.0,40.0,36.67,3.3299999999999983,1.9225763964014528,38.3683,39.167500000000004,0.0,3.3299999999999983,1.1099999999999994,3.3299999999999983,1.6649999999999987,1.6649999999999987,0,0,0,3,0.0,0.0,0,3,4,3,0,3,3,3.3125,2.857889907295629,7.375,14.0,0.2,2,1,0,0.0,40.0,36.67,38.89,1.0,0,1,0,2,3,0.33333333333333337,1
980,34,2026-06-08 01:14:09.063890,1,11,44.0,0,16.0,40.0,40.0,40.0,39.167500000000004,39.167500000000004,40.0,40.0,36.67,3.3299999999999983,1.6649999999999991,38.85781,39.58375,0.0,3.3299999999999983,0.832499999999996,3.3299999999999983,3.17764371615651e-15,3.17764371615651e-15,0,0,0,4,0.0,0.0,0,4,5,4,1,3,4,4.666666666666667,3.0959763313766535,2.0833333333333335,16.083333333333332,0.23414634146341465,2,2,0,0.0,40.0,38.335,39.167500000000004,0.0,0,1,0,3,4,0.25,1
981,34,2026-06-09 04:14:09.063890,1,13,43.33,0,11.0,44.0,42.0,41.333333333333336,40.134,40.134,40.0,44.0,36.67,7.329999999999998,2.5980338719885845,40.400467,41.791875000000005,4.0,7.329999999999998,1.8659999999999997,7.329999999999998,1.9999999999999956,1.466,1,0,0,5,0.0,0.0,0,5,6,5,2,4,5,4.020833333333333,2.8387407549957913,1.125,17.208333333333332,0.2745995423340961,2,3,0,0.0,40.0,40.223333333333336,40.134,1.0,0,0,1,3,5,0.4,1
982,34,2026-06-11 10:14:09.063890,1,12,48.0,0,13.0,43.33,43.665,42.443333333333335,41.465999999999994,40.666666666666664,40.0,44.0,36.67,7.329999999999998,2.6650003126954154,41.2793269,42.5609375,-0.6700000000000017,6.659999999999997,2.998333333333335,6.659999999999997,1.6649999999999971,1.065999999999996,0,1,0,6,0.0,0.0,0,6,7,6,3,4,6,3.4416666666666664,2.7786699955994134,2.25,19.458333333333332,0.29327902240325865,2,3,1,0.16666666666666666,40.0,40.223333333333336,43.33,-2.0,1,0,0,3,6,0.5,1
983,34,2026-06-13 14:14:09.063890,1,14,46.67,0,12.0,48.0,45.665,45.10999999999999,43.065999999999995,41.714285714285715,40.0,48.0,36.67,11.329999999999998,3.6879617547856838,43.295528829999995,45.28046875,4.670000000000002,11.329999999999998,3.950714285714284,11.329999999999998,1.999999999999991,1.932999999999995,1,0,0,7,0.0,0.0,0,7,8,7,3,4,7,3.2430555555555554,2.5324856951809807,2.1666666666666665,21.625,0.30939226519337015,3,3,1,0.14285714285714285,42.666666666666664,40.223333333333336,43.33,1.0,0,1,0,3,7,0.5714285714285714,1
984,34,2026-06-18 21:14:09.063890,1,16,53.33,0,14.0,46.67,47.335,46.0,44.4,42.33375,41.665,48.0,36.67,11.329999999999998,3.837699971523122,44.30787018099999,45.975234375,-1.3299999999999983,10.0,5.001249999999999,10.0,1.6699999999999988,1.733999999999999,0,1,0,8,0.0,0.0,0,8,9,8,1,5,8,3.0892857142857144,2.3473572328974512,5.291666666666667,26.916666666666668,0.28656716417910444,3,4,1,0.125,42.666666666666664,41.835,43.33,-1.0,1,0,0,3,8,0.625,1
985,34,2026-06-21 03:14:09.063890,1,10,50.0,0,16.0,53.33,50.0,49.333333333333336,47.065999999999995,43.55555555555556,43.33,53.33,36.67,16.659999999999997,5.130519250307689,47.01450912669999,49.6526171875,6.659999999999997,16.659999999999997,6.444444444444443,16.659999999999997,2.6649999999999987,2.1999999999999975,1,0,0,9,0.0,0.0,0,9,10,9,1,5,9,3.364583333333334,2.308514906044267,2.25,29.166666666666668,0.2983425414364641,4,4,1,0.1111111111111111,45.332499999999996,41.835,43.33,1.0,0,1,0,3,9,0.6666666666666667,1
987,35,2026-07-01 14:14:09.063955,1,32,64.0,0,24.0,60.0,60.0,60.0,60.0,60.0,60.0,60.0,60.0,0.0,0.0,60.0,60.0,0.0,0.0,0.0,0.0,0.0,0.0,0,0,0,1,0.0,0.0,0,1,2,1,1,1,1,0.0,0.0,1.375,1.375,0.42105263157894735,0,1,0,0.0,60.0,60.0,60.0,0.0,0,1,0,1,1,0.0,1
988,35,2026-07-03 15:14:09.063955,1,38,76.0,1,32.0,64.0,62.0,62.0,62.0,62.0,62.0,64.0,60.0,4.0,2.8284271247461903,61.2,62.0,4.0,4.0,0.0,4.0,0.0,0.0,1,0,0,2,0.0,0.0,0,2,3,2,2,2,2,1.375,0.0,2.0416666666666665,3.4166666666666665,0.45283018867924535,0,2,0,0.0,62.0,62.0,62.0,-1.0,1,0,0,2,2,0.0,1
989,35,2026-07-04 18:14:09.063955,1,35,70.0,1,38.0,76.0,70.0,66.66666666666667,66.66666666666667,66.66666666666667,64.0,76.0,60.0,16.0,8.326663997864532,65.64,69.0,12.0,16.0,3.3333333333333286,16.0,8.000000000000002,8.000000000000002,2,0,1,2,0.3333333333333333,0.3333333333333333,1,0,4,3,3,3,3,1.7083333333333333,0.47140452079103157,1.125,4.541666666666667,0.5413533834586466,1,2,0,0.0,76.0,62.0,66.66666666666667,0.0,1,0,0,2,3,0.33333333333333337,1
990,35,2026-07-05 19:14:09.063955,1,35,70.0,1,35.0,70.0,73.0,70.0,67.5,67.5,67.0,76.0,60.0,16.0,7.0,66.94800000000001,69.5,-6.0,10.0,5.5,10.0,2.999999999999999,2.999999999999999,0,1,2,2,0.5,0.6666666666666666,2,0,5,4,4,4,4,1.5138888888888886,0.4738533919231105,1.0416666666666667,5.583333333333333,0.6075949367088608,2,2,0,0.0,73.0,62.0,67.5,1.0,0,1,0,2,4,0.5,1
991,35,2026-07-10 23:14:09.063955,1,18,72.0,1,35.0,70.0,70.0,72.0,68.0,68.0,70.0,76.0,60.0,16.0,6.164414002968976,67.8636,69.75,0.0,10.0,2.0,10.0,-3.000000000000002,2.599999999999992,0,0,3,2,0.6,1.0,3,0,6,5,2,5,5,1.3958333333333333,0.453254690891131,5.166666666666667,10.75,0.425531914893617,2,3,0,0.0,73.0,64.66666666666667,68.0,-1.0,1,0,0,2,5,0.6,1
993,36,2026-03-25 18:14:09.063998,1,18,60.0,0,10.0,50.0,50.0,50.0,50.0,50.0,50.0,50.0,50.0,0.0,0.0,50.0,50.0,0.0,0.0,0.0,0.0,0.0,0.0,0,0,0,1,0.0,0.0,0,1,2,1,0,1,1,0.0,0.0,7.375,7.375,0.11940298507462686,0,0,1,1.0,50.0,50.0,50.0,-1.0,0,1,0,1,1,0.0,1
994,36,2026-03-29 03:14:09.063998,1,32,64.0,0,18.0,60.0,55.0,55.0,55.0,55.0,55.0,60.0,50.0,10.0,7.0710678118654755,53.0,55.0,10.0,10.0,0.0,10.0,0.0,0.0,1,0,0,2,0.0,0.0,0,2,3,2,1,2,2,7.375,0.0,3.375,10.75,0.1702127659574468,0,1,1,0.5,55.0,60.0,50.0,0.0,0,1,0,1,2,0.5,1
995,36,2026-04-01 12:14:09.063998,1,17,68.0,0,32.0,64.0,62.0,58.0,58.0,58.0,60.0,64.0,50.0,14.0,7.211102550927978,56.3,59.5,4.0,14.0,4.0,14.0,7.0,7.0,2,0,0,3,0.0,0.0,0,3,4,3,2,2,3,5.375,2.8284271247461903,3.375,14.125,0.19834710743801653,0,2,1,0.3333333333333333,58.0,62.0,50.0,0.0,0,1,0,2,3,0.33333333333333337,1
996,36,2026-04-05 17:14:09.063998,1,17,68.0,0,17.0,68.0,66.0,64.0,60.5,60.5,62.0,68.0,50.0,18.0,7.724420150837645,59.809999999999995,63.75,4.0,18.0,5.5,18.0,3.999999999999991,3.999999999999991,3,0,0,4,0.0,0.0,0,4,5,4,1,3,4,4.708333333333333,2.309401076758503,4.208333333333333,18.333333333333332,0.20689655172413796,0,3,1,0.25,60.5,64.0,50.0,0.0,0,1,0,2,4,0.5,1
997,36,2026-04-13 03:14:09.063998,1,17,68.0,0,17.0,68.0,68.0,66.66666666666667,62.0,62.0,64.0,68.0,50.0,18.0,7.483314773547883,62.266999999999996,65.875,0.0,18.0,6.0,18.0,1.9999999999999878,4.400000000000002,0,0,0,5,0.0,0.0,0,5,6,5,0,2,5,4.583333333333333,1.9021187017522212,7.416666666666667,25.75,0.18691588785046728,0,4,1,0.2,62.0,65.0,50.0,1.0,0,0,1,2,5,0.6,1
998,36,2026-04-14 10:14:09.063998,1,20,80.0,1,17.0,68.0,68.0,68.0,65.6,63.0,66.0,68.0,50.0,18.0,7.127411872482185,63.98689999999999,66.9375,0.0,18.0,5.0,18.0,-3.17764371615651e-15,1.999999999999993,0,0,0,6,0.0,0.0,0,6,7,6,1,3,6,5.15,2.0782437831549556,1.2916666666666667,27.041666666666668,0.2139673105497771,0,4,2,0.3333333333333333,63.0,65.0,59.0,-2.0,1,0,0,2,6,0.6666666666666667,1
1000,37,2026-06-29 23:14:09.064046,1,28,56.0,0,12.0,60.0,60.0,60.0,60.0,60.0,60.0,60.0,60.0,0.0,0.0,60.0,60.0,0.0,0.0,0.0,0.0,0.0,0.0,0,0,0,1,0.0,0.0,0,1,2,1,1,1,1,0.0,0.0,1.375,1.375,0.42105263157894735,1,0,0,0.0,60.0,60.0,60.0,1.0,0,1,0,1,1,0.0,1
1001,37,2026-07-05 02:14:09.064046,1,14,56.0,0,28.0,56.0,58.0,58.0,58.0,58.0,58.0,60.0,56.0,4.0,2.8284271247461903,58.8,58.0,-4.0,-4.0,0.0,-4.0,0.0,0.0,0,1,0,2,0.0,0.0,0,2,3,2,2,2,2,1.375,0.0,5.125,6.5,0.26666666666666666,1,1,0,0.0,60.0,56.0,58.0,0.0,0,1,0,1,2,0.5,1
1002,37,2026-07-07 06:14:09.064046,1,22,55.0,0,14.0,56.0,56.0,57.333333333333336,57.333333333333336,57.333333333333336,56.0,60.0,56.0,4.0,2.309401076758503,57.959999999999994,57.0,0.0,-4.0,-1.3333333333333357,-4.0,-2.0000000000000067,-2.0000000000000067,0,0,0,3,0.0,0.0,0,3,4,3,1,3,3,3.25,2.6516504294495533,2.1666666666666665,8.666666666666666,0.3103448275862069,1,2,0,0.0,60.0,56.0,57.333333333333336,1.0,0,0,1,2,3,0.33333333333333337,1
1003,37,2026-07-14 10:14:09.064046,1,19,63.33,0,22.0,55.0,55.5,55.666666666666664,56.75,56.75,56.0,60.0,55.0,5.0,2.217355782608345,57.071999999999996,56.0,-1.0,-5.0,-1.25,-5.0,-0.4999999999999961,-0.4999999999999961,0,1,0,4,0.0,0.0,0,4,5,4,0,2,4,2.888888888888889,1.9765699339268783,7.166666666666667,15.833333333333334,0.23762376237623759,1,2,1,0.25,60.0,56.0,55.0,-1.0,0,1,0,2,4,0.5,1
1004,37,2026-07-15 15:14:09.064046,1,12,60.0,0,19.0,63.33,59.165,58.10999999999999,58.065999999999995,58.065999999999995,56.0,63.33,55.0,8.329999999999998,3.5137985144285087,58.9494,59.665,8.329999999999998,3.3299999999999983,1.0990000000000038,3.3299999999999983,3.665000000000001,0.5659999999999998,1,0,0,5,0.0,0.0,0,5,6,5,1,3,5,3.958333333333333,2.679439894483201,1.2083333333333333,17.041666666666668,0.27713625866050806,1,3,1,0.2,60.0,58.44333333333333,55.0,1.0,0,0,1,2,5,0.6,1
1005,37,2026-07-16 22:14:09.064046,1,23,76.67,1,12.0,60.0,61.665,59.44333333333333,58.065999999999995,58.38833333333333,58.0,63.33,55.0,8.329999999999998,3.240496361156214,59.264579999999995,59.832499999999996,-3.3299999999999983,0.0,3.276666666666671,0.0,2.5000000000000027,1.5329999999999977,0,1,0,6,0.0,0.0,0,6,7,6,2,4,6,3.4083333333333328,2.6262232599516575,1.2916666666666667,18.333333333333332,0.3103448275862069,1,3,2,0.3333333333333333,60.0,58.44333333333333,57.5,-2.0,1,0,0,2,6,0.6666666666666667,1
1006,37,2026-07-19 08:14:09.064046,1,39,78.0,1,23.0,76.67,68.33500000000001,66.66666666666667,62.2,61.0,60.0,76.67,55.0,21.67,7.5164020648179815,64.486206,68.25125,16.67,16.67,7.335000000000008,16.67,6.669999999999989,4.634,1,0,1,6,0.14285714285714285,0.3333333333333333,1,0,8,7,3,4,7,3.0555555555555554,2.5028687244543715,2.4166666666666665,20.75,0.3218390804597701,2,3,2,0.2857142857142857,68.33500000000001,58.44333333333333,57.5,1.0,0,1,0,3,7,0.5714285714285714,1
1007,37,2026-07-26 16:14:09.064046,1,41,82.0,1,39.0,78.0,77.33500000000001,71.55666666666667,66.6,63.125,60.0,78.0,55.0,23.0,9.195129145368215,68.54034419999999,73.125625,1.3299999999999983,18.0,14.210000000000008,18.0,9.000000000000004,5.9339999999999975,2,0,2,6,0.25,0.6666666666666666,2,0,9,8,0,4,8,2.9642857142857144,2.2975213812616624,7.333333333333333,28.083333333333332,0.27507163323782235,2,4,2,0.25,68.33500000000001,63.332499999999996,57.5,0.0,0,1,0,3,8,0.625,1
1009,38,2026-06-09 06:14:09.064106,1,10,50.0,0,14.0,46.67,46.67,46.67,46.67,46.67,46.67,46.67,46.67,0.0,0.0,46.67,46.67,0.0,0.0,0.0,0.0,0.0,0.0,0,0,0,1,0.0,0.0,0,1,2,1,1,1,1,0.0,0.0,2.0833333333333335,2.0833333333333335,0.3243243243243243,0,0,1,1.0,46.67,46.67,46.67,-1.0,0,1,0,1,1,0.0,1
1010,38,2026-06-11 08:14:09.064106,1,10,50.0,0,10.0,50.0,48.335,48.335,48.335,48.335,48.335,50.0,46.67,3.3299999999999983,2.354665581351202,47.669,48.335,3.3299999999999983,3.3299999999999983,0.0,3.3299999999999983,0.0,0.0,1,0,0,2,0.0,0.0,0,2,3,2,2,2,2,2.0833333333333335,0.0,2.0833333333333335,4.166666666666667,0.3870967741935484,0,1,1,0.5,48.335,50.0,46.67,1.0,0,0,1,2,2,0.0,1
1011,38,2026-06-13 10:14:09.064106,1,13,65.0,0,10.0,50.0,50.0,48.89000000000001,48.89000000000001,48.89000000000001,50.0,50.0,46.67,3.3299999999999983,1.9225763964014528,48.3683,49.167500000000004,0.0,3.3299999999999983,1.1099999999999923,3.3299999999999983,1.664999999999994,1.664999999999994,0,0,0,3,0.0,0.0,0,3,4,3,3,3,3,2.0833333333333335,0.0,2.0833333333333335,6.25,0.41379310344827586,0,1,2,0.6666666666666666,48.89000000000001,50.0,48.335,-2.0,1,0,0,2,3,0.33333333333333337,1
1012,38,2026-06-16 20:14:09.064106,1,17,68.0,0,13.0,65.0,57.5,55.0,52.917500000000004,52.917500000000004,50.0,65.0,46.67,18.33,8.20653550531526,53.35780999999999,57.08375,15.0,18.33,4.582499999999996,18.33,7.4999999999999964,7.4999999999999964,1,0,0,4,0.0,0.0,0,4,5,4,2,4,4,2.0833333333333335,0.0,3.4166666666666665,9.666666666666666,0.375,1,1,2,0.5,65.0,50.0,48.335,0.0,1,0,0,2,4,0.5,1
1013,38,2026-06-18 01:14:09.064106,1,37,74.0,1,17.0,68.0,66.5,61.0,55.934000000000005,55.934000000000005,50.0,68.0,46.67,21.33,9.798304955450202,57.75046699999999,62.541875000000005,3.0,21.33,10.565999999999995,21.33,9.000000000000007,5.765999999999996,2,0,0,5,0.0,0.0,0,5,6,5,3,5,5,2.4166666666666665,0.6666666666666665,1.2083333333333333,10.875,0.42105263157894735,2,1,2,0.4,66.5,50.0,48.335,1.0,0,1,0,3,5,0.4,1
1014,38,2026-06-19 08:14:09.064106,1,18,72.0,1,37.0,74.0,71.0,69.0,61.4,58.945,57.5,74.0,46.67,27.33,11.454350701807588,62.62532689999999,68.2709375,6.0,27.33,12.055,27.33,4.4999999999999964,6.6,3,0,1,5,0.16666666666666666,0.3333333333333333,1,0,7,6,3,6,6,2.175,0.7907889871654904,1.2916666666666667,12.166666666666666,0.4556962025316456,2,2,2,0.3333333333333333,66.5,62.0,48.335,1.0,0,0,1,3,6,0.5,1
1015,38,2026-06-23 18:14:09.064106,1,31,77.5,1,18.0,72.0,73.0,71.33333333333333,65.8,60.81,65.0,74.0,46.67,27.33,11.562123507383927,65.43772882999998,70.13546875,-2.0,25.33,12.189999999999998,25.33,1.9999999999999971,5.299999999999998,0,1,2,5,0.2857142857142857,0.6666666666666666,2,0,8,7,3,5,7,2.0277777777777777,0.7939295145502994,4.416666666666667,16.583333333333332,0.3981042654028436,2,2,3,0.42857142857142855,66.5,62.0,56.223333333333336,-2.0,1,0,0,3,7,0.5714285714285714,1
1016,38,2026-06-24 19:14:09.064106,1,16,80.0,1,31.0,77.5,74.75,74.5,71.3,62.89625,66.5,77.5,46.67,30.83,12.223120875151789,69.05641018099999,73.817734375,5.5,30.83,11.853749999999998,30.83,1.749999999999993,2.899999999999998,1,0,3,5,0.375,1.0,3,0,9,8,3,6,8,2.369047619047619,1.1578107762716643,1.0416666666666667,17.625,0.42953020134228187,3,2,3,0.375,70.16666666666667,62.0,56.223333333333336,2.0,0,0,1,3,8,0.625,1
1018,39,2026-06-04 02:14:09.064171,1,15,50.0,0,12.0,40.0,40.0,40.0,40.0,40.0,40.0,40.0,40.0,0.0,0.0,40.0,40.0,0.0,0.0,0.0,0.0,0.0,0.0,0,0,0,1,0.0,0.0,0,1,2,1,0,1,1,0.0,0.0,7.291666666666667,7.291666666666667,0.12060301507537687,0,1,0,0.0,40.0,40.0,40.0,-1.0,1,0,0,1,1,0.0,1
1019,39,2026-06-11 12:14:09.064171,1,10,50.0,0,15.0,50.0,45.0,45.0,45.0,45.0,45.0,50.0,40.0,10.0,7.0710678118654755,43.0,45.0,10.0,10.0,0.0,10.0,0.0,0.0,1,0,0,2,0.0,0.0,0,2,3,2,0,1,2,7.291666666666667,0.0,7.416666666666667,14.708333333333334,0.1273209549071618,1,1,0,0.0,50.0,40.0,45.0,1.0,0,1,0,2,2,0.0,1
1020,39,2026-06-13 22:14:09.064171,1,12,48.0,0,10.0,50.0,50.0,46.666666666666664,46.666666666666664,46.666666666666664,50.0,50.0,40.0,10.0,5.773502691896258,45.099999999999994,47.5,0.0,10.0,3.3333333333333357,10.0,5.000000000000001,5.000000000000001,0,0,0,3,0.0,0.0,0,3,4,3,1,2,3,7.354166666666667,0.08838834764831845,2.4166666666666665,17.125,0.16551724137931034,1,2,0,0.0,50.0,45.0,46.666666666666664,0.0,0,1,0,2,3,0.33333333333333337,1
1021,39,2026-06-15 00:14:09.064171,1,15,50.0,0,12.0,48.0,49.0,49.333333333333336,47.0,47.0,49.0,50.0,40.0,10.0,4.760952285695233,45.96999999999999,47.75,-2.0,8.0,2.0,8.0,-0.9999999999999986,-0.9999999999999986,0,1,0,4,0.0,0.0,0,4,5,4,2,3,4,5.708333333333333,2.8513520184876042,1.0833333333333333,18.208333333333332,0.2082429501084599,1,3,0,0.0,50.0,46.0,47.0,0.0,0,1,0,2,4,0.5,1
1022,39,2026-06-19 03:14:09.064171,1,15,50.0,0,15.0,50.0,49.0,49.333333333333336,47.6,47.6,50.0,50.0,40.0,10.0,4.33589667773576,47.178999999999995,48.875,2.0,10.0,1.3999999999999986,10.0,0.0,1.7999999999999976,1,0,0,5,0.0,0.0,0,5,6,5,2,3,5,4.552083333333333,3.281431873266439,4.125,22.333333333333332,0.2142857142857143,1,4,0,0.0,50.0,47.0,47.6,1.0,0,0,1,3,5,0.4,1
1024,40,2026-07-08 03:14:09.064214,1,14,56.0,0,9.0,45.0,45.0,45.0,45.0,45.0,45.0,45.0,45.0,0.0,0.0,45.0,45.0,0.0,0.0,0.0,0.0,0.0,0.0,0,0,0,1,0.0,0.0,0,1,2,1,1,1,1,0.0,0.0,2.4166666666666665,2.4166666666666665,0.29268292682926833,0,1,0,0.0,45.0,45.0,45.0,0.0,0,1,0,1,1,0.0,1
1025,40,2026-07-09 04:14:09.064214,1,18,60.0,0,14.0,56.0,50.5,50.5,50.5,50.5,50.5,56.0,45.0,11.0,7.7781745930520225,48.3,50.5,11.0,11.0,0.0,11.0,0.0,0.0,1,0,0,2,0.0,0.0,0,2,3,2,2,2,2,2.4166666666666665,0.0,1.0416666666666667,3.4583333333333335,0.44859813084112143,0,2,0,0.0,50.5,50.5,50.5,1.0,0,0,1,2,2,0.0,1
1026,40,2026-07-11 07:14:09.064214,1,18,72.0,1,18.0,60.0,58.0,53.666666666666664,53.666666666666664,53.666666666666664,56.0,60.0,45.0,15.0,7.767453465154029,51.809999999999995,55.25,4.0,15.0,4.333333333333336,15.0,7.4999999999999964,7.4999999999999964,2,0,0,3,0.0,0.0,0,3,4,3,3,3,3,1.7291666666666665,0.9722718241315027,2.125,5.583333333333333,0.4556962025316456,0,2,1,0.3333333333333333,53.666666666666664,50.5,60.0,-1.0,0,1,0,2,3,0.33333333333333337,1
1027,40,2026-07-13 16:14:09.064214,1,40,80.0,1,18.0,72.0,66.0,62.666666666666664,58.25,58.25,58.0,72.0,45.0,27.0,11.146748404803978,57.86699999999999,63.625,12.0,27.0,7.75,27.0,7.999999999999996,7.999999999999996,3,0,1,3,0.25,0.3333333333333333,1,0,5,4,3,4,4,1.861111111111111,0.7244889642080541,2.375,7.958333333333333,0.4465116279069768,0,3,1,0.25,58.25,57.666666666666664,60.0,0.0,0,1,0,2,4,0.5,1
1028,40,2026-07-14 22:14:09.064214,1,41,82.0,1,40.0,80.0,76.0,70.66666666666667,62.6,62.6,60.0,80.0,45.0,35.0,13.704014010500718,64.50689999999999,71.8125,8.0,35.0,13.399999999999999,35.0,9.999999999999993,8.599999999999994,4,0,2,3,0.4,0.6666666666666666,2,0,6,5,4,5,5,1.9895833333333333,0.6449366535071774,1.25,9.208333333333334,0.4897959183673469,0,4,1,0.2,62.6,63.25,60.0,0.0,0,1,0,2,5,0.6,1
1029,40,2026-07-18 01:14:09.064214,1,18,90.0,1,41.0,82.0,81.0,78.0,70.0,65.83333333333333,66.0,82.0,45.0,37.0,14.59337749346143,69.75482999999998,76.90625,2.0,37.0,15.166666666666671,37.0,5.000000000000003,7.199999999999997,5,0,3,3,0.5,1.0,3,0,7,6,3,6,6,1.8416666666666663,0.6491179913287465,3.125,12.333333333333334,0.44999999999999996,0,5,1,0.16666666666666666,65.83333333333333,67.0,60.0,0.0,0,1,0,2,6,0.6666666666666667,1
1031,41,2026-08-03 01:14:09.064262,1,17,56.67,0,27.0,54.0,54.0,54.0,54.0,54.0,54.0,54.0,54.0,0.0,0.0,54.0,54.0,0.0,0.0,0.0,0.0,0.0,0.0,0,0,0,1,0.0,0.0,0,1,2,1,1,1,1,0.0,0.0,1.4166666666666667,1.4166666666666667,0.4137931034482758,0,1,0,0.0,54.0,54.0,54.0,1.0,0,0,1,1,1,0.0,1
1032,41,2026-08-06 04:14:09.064262,1,32,64.0,0,17.0,56.67,55.335,55.335,55.335,55.335,55.335,56.67,54.0,2.6700000000000017,1.8879751057680831,54.801,55.335,2.6700000000000017,2.6700000000000017,0.0,2.6700000000000017,0.0,0.0,1,0,0,2,0.0,0.0,0,2,3,2,2,2,2,1.4166666666666667,0.0,3.125,4.541666666666667,0.3609022556390977,0,1,1,0.5,55.335,54.0,56.67,-1.0,0,1,0,1,2,0.5,1
1033,41,2026-08-09 05:14:09.064262,1,27,67.5,0,32.0,64.0,60.335,58.223333333333336,58.223333333333336,58.223333333333336,56.67,64.0,54.0,10.0,5.177801978961085,57.5607,59.667500000000004,7.329999999999998,10.0,2.1116666666666646,10.0,4.999999999999993,4.999999999999993,2,0,0,3,0.0,0.0,0,3,4,3,2,3,3,2.2708333333333335,1.2079740845270186,3.0416666666666665,7.583333333333333,0.3495145631067962,0,2,1,0.3333333333333333,58.223333333333336,59.0,56.67,0.0,0,1,0,2,3,0.33333333333333337,1
1034,41,2026-08-11 14:14:09.064262,1,29,72.5,1,27.0,67.5,65.75,62.723333333333336,60.542500000000004,60.542500000000004,60.335,67.5,54.0,13.5,6.275924234724316,60.542489999999994,63.58375,3.5,13.5,5.207499999999996,13.5,5.414999999999997,5.414999999999997,3,0,0,4,0.0,0.0,0,4,5,4,2,4,4,2.527777777777778,0.9631521359769893,2.375,9.958333333333334,0.36501901140684406,0,3,1,0.25,60.542500000000004,61.833333333333336,56.67,0.0,0,1,0,2,4,0.5,1
1035,41,2026-08-15 17:14:09.064262,1,38,76.0,1,29.0,72.5,70.0,68.0,62.934000000000005,62.934000000000005,64.0,72.5,54.0,18.5,7.624747864683789,64.12974299999999,68.041875,5.0,18.5,7.065999999999995,18.5,4.249999999999993,4.782999999999998,4,0,1,4,0.2,0.3333333333333333,1,0,6,5,2,4,5,2.4895833333333335,0.7901117771368621,4.125,14.083333333333334,0.3314917127071823,0,4,1,0.2,62.934000000000005,64.5,56.67,0.0,0,1,0,2,5,0.6,1
1036,41,2026-08-17 01:14:09.064262,1,31,77.5,1,38.0,76.0,74.25,72.0,67.334,65.11166666666666,65.75,76.0,54.0,22.0,8.658106990945923,67.6908201,72.0209375,3.5,22.0,9.138333333333335,22.0,4.249999999999999,4.715999999999991,5,0,2,4,0.3333333333333333,0.6666666666666666,2,0,7,6,2,5,6,2.816666666666667,1.0015612812005064,1.3333333333333333,15.416666666666666,0.3654822335025381,0,5,1,0.16666666666666666,65.11166666666666,66.8,56.67,0.0,0,1,0,3,6,0.5,1
1037,41,2026-08-24 03:14:09.064262,1,17,85.0,1,31.0,77.5,76.75,75.33333333333333,71.5,66.88142857142857,67.5,77.5,54.0,23.5,9.18658882750906,70.63357407,74.76046875,1.5,23.5,9.868571428571428,23.5,2.5000000000000058,3.5499999999999976,6,0,3,4,0.42857142857142855,1.0,3,0,8,7,0,3,7,2.5694444444444446,1.0813015134378399,7.083333333333333,22.5,0.2978723404255319,0,6,1,0.14285714285714285,66.88142857142857,68.58333333333333,56.67,0.0,0,1,0,3,7,0.5714285714285714,1
1039,42,2026-05-16 03:14:09.064317,1,17,56.67,0,10.0,50.0,50.0,50.0,50.0,50.0,50.0,50.0,50.0,0.0,0.0,50.0,50.0,0.0,0.0,0.0,0.0,0.0,0.0,0,0,0,1,0.0,0.0,0,1,2,1,1,1,1,0.0,0.0,4.291666666666667,4.291666666666667,0.1889763779527559,0,0,1,1.0,50.0,50.0,50.0,-1.0,0,1,0,1,1,0.0,1
1040,42,2026-05-17 13:14:09.064317,1,30,60.0,0,17.0,56.67,53.335,53.335,53.335,53.335,53.335,56.67,50.0,6.670000000000002,4.716402230514273,52.001000000000005,53.335,6.670000000000002,6.670000000000002,0.0,6.670000000000002,0.0,0.0,1,0,0,2,0.0,0.0,0,2,3,2,2,2,2,4.291666666666667,0.0,1.4166666666666667,5.708333333333333,0.2981366459627329,0,1,1,0.5,53.335,56.67,50.0,-1.0,1,0,0,2,2,0.0,1
1041,42,2026-05-19 14:14:09.064317,1,19,63.33,0,30.0,60.0,58.335,55.55666666666667,55.55666666666667,55.55666666666667,56.67,60.0,50.0,10.0,5.0921148193391454,54.4007,56.667500000000004,3.3299999999999983,10.0,2.778333333333329,10.0,5.000000000000003,5.000000000000003,2,0,0,3,0.0,0.0,0,3,4,3,2,3,3,2.854166666666667,2.032931995911324,2.0416666666666665,7.75,0.34285714285714286,1,1,1,0.3333333333333333,60.0,56.67,50.0,1.0,0,1,0,3,3,0.0,1
1042,42,2026-05-20 23:14:09.064317,1,34,68.0,0,19.0,63.33,61.665,60.0,57.5,57.5,58.335,63.33,50.0,13.329999999999998,5.691449727442033,57.07948999999999,59.99875,3.3299999999999983,13.329999999999998,4.164999999999999,13.329999999999998,3.3299999999999943,3.3299999999999943,3,0,0,4,0.0,0.0,0,4,5,4,3,4,4,2.5833333333333335,1.5121039426353382,1.375,9.125,0.3950617283950617,1,2,1,0.25,60.0,60.0,50.0,-1.0,1,0,0,3,4,0.25,1
1043,42,2026-05-28 06:14:09.064317,1,17,68.0,0,34.0,68.0,65.66499999999999,63.776666666666664,59.6,59.6,60.0,68.0,50.0,18.0,6.807675814843124,60.35564299999999,63.999375,4.670000000000002,18.0,6.064999999999991,18.0,3.999999999999998,4.266,4,0,0,5,0.0,0.0,0,5,6,5,0,4,5,2.28125,1.3745264336005574,7.291666666666667,16.416666666666668,0.28708133971291866,2,2,1,0.2,64.0,60.0,50.0,1.0,0,1,0,3,5,0.4,1
1044,42,2026-06-01 11:14:09.064317,1,21,70.0,1,17.0,68.0,68.0,66.44333333333333,63.2,61.0,61.665,68.0,50.0,18.0,6.98824441472964,62.64895009999999,65.9996875,0.0,18.0,7.0,18.0,2.3349999999999875,3.065999999999998,0,0,0,6,0.0,0.0,0,6,7,6,1,3,6,3.2833333333333337,2.537291315994721,4.208333333333333,20.625,0.2774566473988439,2,3,1,0.16666666666666666,64.0,62.666666666666664,50.0,0.0,0,1,0,3,6,0.5,1
1046,43,2026-05-28 21:14:09.065514,1,13,43.33,0,21.0,42.0,42.0,42.0,42.0,42.0,42.0,42.0,42.0,0.0,0.0,42.0,42.0,0.0,0.0,0.0,0.0,0.0,0.0,0,0,0,1,0.0,0.0,0,1,2,1,1,1,1,0.0,0.0,2.375,2.375,0.2962962962962963,0,1,0,0.0,42.0,42.0,42.0,1.0,0,0,1,1,1,0.0,1
1047,43,2026-05-31 03:14:09.065514,1,24,48.0,0,13.0,43.33,42.665,42.665,42.665,42.665,42.665,43.33,42.0,1.3299999999999983,0.940452018978107,42.399,42.665,1.3299999999999983,1.3299999999999983,0.0,1.3299999999999983,0.0,0.0,1,0,0,2,0.0,0.0,0,2,3,2,2,2,2,2.375,0.0,2.25,4.625,0.35555555555555557,0,1,1,0.5,42.665,42.0,43.33,-2.0,1,0,0,2,2,0.0,1
1048,43,2026-06-03 11:14:09.065514,1,15,50.0,0,24.0,48.0,45.665,44.44333333333333,44.44333333333333,44.44333333333333,43.33,48.0,42.0,6.0,3.151132071705871,44.079299999999996,45.332499999999996,4.670000000000002,6.0,1.2216666666666711,6.0,2.999999999999993,2.999999999999993,2,0,0,3,0.0,0.0,0,3,4,3,2,3,3,2.3125,0.08838834764831845,3.3333333333333335,7.958333333333333,0.3348837209302326,1,1,1,0.3333333333333333,48.0,42.0,43.33,1.0,0,1,0,2,3,0.33333333333333337,1
1049,43,2026-06-04 17:14:09.065514,1,22,55.0,0,15.0,50.0,49.0,47.10999999999999,45.832499999999996,45.832499999999996,45.665,50.0,42.0,8.0,3.7866729019901717,45.855509999999995,47.66625,2.0,8.0,3.167500000000004,8.0,3.335000000000002,3.335000000000002,3,0,0,4,0.0,0.0,0,4,5,4,3,4,4,2.652777777777778,0.5926830081486631,1.25,9.208333333333334,0.39183673469387753,1,2,1,0.25,48.0,46.0,43.33,-1.0,1,0,0,2,4,0.5,1
1050,43,2026-06-06 22:14:09.065514,1,25,50.0,0,22.0,55.0,52.5,51.0,47.666,47.666,48.0,55.0,42.0,13.0,5.250026666598942,48.598856999999995,51.333124999999995,5.0,13.0,4.834000000000003,13.0,3.4999999999999982,3.2669999999999955,4,0,0,5,0.0,0.0,0,5,6,5,3,5,5,2.3020833333333335,0.8521317223423984,2.2083333333333335,11.416666666666666,0.4026845637583893,2,2,1,0.2,51.5,46.0,43.33,1.0,0,1,0,2,5,0.6,1
1051,43,2026-06-14 02:14:09.065514,1,25,62.5,0,25.0,50.0,52.5,51.666666666666664,49.266,48.055,49.0,55.0,42.0,13.0,4.7914663726254,49.0191999,50.6665625,-5.0,8.0,4.445,8.0,-3.17764371615651e-15,2.0339999999999963,0,1,0,6,0.0,0.0,0,6,7,6,0,4,6,2.2833333333333337,0.7391577413966972,7.166666666666667,18.583333333333332,0.30638297872340425,2,3,1,0.16666666666666666,51.5,47.333333333333336,43.33,0.0,0,1,0,3,6,0.5,1
1053,44,2026-05-05 00:14:09.065563,1,18,45.0,0,17.0,42.5,42.5,42.5,42.5,42.5,42.5,42.5,42.5,0.0,0.0,42.5,42.5,0.0,0.0,0.0,0.0,0.0,0.0,0,0,0,1,0.0,0.0,0,1,2,1,1,1,1,0.0,0.0,3.0833333333333335,3.0833333333333335,0.24489795918367344,0,1,0,0.0,42.5,42.5,42.5,0.0,0,1,0,1,1,0.0,1
1054,44,2026-05-08 07:14:09.065563,1,20,40.0,0,18.0,45.0,43.75,43.75,43.75,43.75,43.75,45.0,42.5,2.5,1.7677669529663689,43.25,43.75,2.5,2.5,0.0,2.5,0.0,0.0,1,0,0,2,0.0,0.0,0,2,3,2,2,2,2,3.0833333333333335,0.0,3.2916666666666665,6.375,0.2711864406779661,0,2,0,0.0,43.75,43.75,43.75,1.0,0,0,1,2,2,0.0,1
1055,44,2026-05-11 10:14:09.065563,1,16,40.0,0,20.0,40.0,42.5,42.5,42.5,42.5,42.5,45.0,40.0,5.0,2.5,42.275,41.875,-5.0,-2.5,0.0,-2.5,-1.2499999999999998,-1.2499999999999998,0,1,0,3,0.0,0.0,0,3,4,3,2,3,3,3.1875,0.14731391274719718,3.125,9.5,0.2857142857142857,0,2,1,0.3333333333333333,42.5,43.75,40.0,0.0,0,0,1,2,3,0.33333333333333337,1
1056,44,2026-05-18 11:14:09.065563,1,22,44.0,0,16.0,40.0,40.0,41.666666666666664,41.875,41.875,41.25,45.0,40.0,5.0,2.3935677693908453,41.5925,40.9375,0.0,-2.5,-1.875,-2.5,-2.4999999999999964,-2.4999999999999964,0,0,0,4,0.0,0.0,0,4,5,4,0,3,4,3.1666666666666665,0.11023963796102447,7.041666666666667,16.541666666666668,0.22802850356294535,0,2,2,0.5,41.875,43.75,40.0,0.0,0,0,1,2,4,0.5,1
1057,44,2026-05-20 21:14:09.065563,1,13,52.0,0,22.0,44.0,42.0,41.333333333333336,42.3,42.3,42.5,45.0,40.0,5.0,2.2803508501982757,42.31475,42.46875,4.0,1.5,-0.29999999999999716,1.5,1.9999999999999956,-0.2000000000000019,1,0,0,5,0.0,0.0,0,5,6,5,1,3,5,4.135416666666667,1.939589673578371,2.4166666666666665,18.958333333333332,0.25052192066805845,0,2,3,0.6,42.3,43.75,41.333333333333336,-2.0,1,0,0,2,5,0.6,1
1058,44,2026-05-23 03:14:09.065563,1,21,52.5,0,13.0,52.0,48.0,45.333333333333336,44.2,43.916666666666664,43.25,52.0,40.0,12.0,4.454398575191343,45.220324999999995,47.234375,8.0,9.5,4.083333333333336,9.5,6.0,1.7999999999999976,2,0,0,6,0.0,0.0,0,6,7,6,2,3,6,3.791666666666667,1.8472483289717412,2.25,21.208333333333332,0.2701688555347092,1,2,3,0.5,52.0,43.75,41.333333333333336,1.0,0,1,0,3,6,0.5,1
1059,44,2026-05-24 04:14:09.065563,1,28,56.0,0,21.0,52.5,52.25,49.5,45.7,45.142857142857146,44.0,52.5,40.0,12.5,5.201876950632705,47.40422749999999,49.8671875,0.5,10.0,7.107142857142854,10.0,4.249999999999999,3.6999999999999966,3,0,0,7,0.0,0.0,0,7,8,7,3,4,7,3.5347222222222228,1.7680451906827204,1.0416666666666667,22.25,0.3010752688172043,1,3,3,0.42857142857142855,52.0,46.666666666666664,41.333333333333336,-1.0,1,0,0,3,7,0.5714285714285714,1
1060,44,2026-05-28 09:14:09.065563,1,27,54.0,0,28.0,56.0,54.25,53.5,48.9,46.5,44.5,56.0,40.0,16.0,6.158617655657106,49.98295924999999,52.93359375,3.5,13.5,7.75,13.5,1.999999999999994,4.049999999999996,4,0,0,8,0.0,0.0,0,8,9,8,2,4,8,3.1785714285714293,1.8689275565522094,4.208333333333333,26.458333333333332,0.291350531107739,2,3,3,0.375,54.0,46.666666666666664,41.333333333333336,1.0,0,1,0,3,8,0.625,1
1061,44,2026-06-02 18:14:09.065563,1,29,58.0,0,27.0,54.0,55.0,54.166666666666664,51.7,47.333333333333336,45.0,56.0,40.0,16.0,6.279928343540235,51.18807147499999,53.466796875,-2.0,11.5,7.666666666666664,11.5,0.7499999999999911,2.400000000000001,0,1,0,9,0.0,0.0,0,9,10,9,1,4,8,3.307291666666667,1.768179033145108,5.375,31.833333333333332,0.2741116751269036,2,4,3,0.3333333333333333,54.0,48.5,41.333333333333336,0.0,0,1,0,3,9,0.6666666666666667,1
1063,45,2026-03-14 23:14:09.065631,1,18,60.0,0,14.0,56.0,56.0,56.0,56.0,56.0,56.0,56.0,56.0,0.0,0.0,56.0,56.0,0.0,0.0,0.0,0.0,0.0,0.0,0,0,0,1,0.0,0.0,0,1,2,1,1,1,1,0.0,0.0,2.2916666666666665,2.2916666666666665,0.3037974683544304,0,1,0,0.0,56.0,56.0,56.0,0.0,0,1,0,1,1,0.0,1
1064,45,2026-03-17 06:14:09.065631,1,16,64.0,0,18.0,60.0,58.0,58.0,58.0,58.0,58.0,60.0,56.0,4.0,2.8284271247461903,57.199999999999996,58.0,4.0,4.0,0.0,4.0,0.0,0.0,1,0,0,2,0.0,0.0,0,2,3,2,2,2,2,2.2916666666666665,0.0,2.2916666666666665,4.583333333333333,0.35820895522388063,0,2,0,0.0,58.0,58.0,58.0,-1.0,1,0,0,1,2,0.5,1
1065,45,2026-03-18 11:14:09.065631,1,32,64.0,0,16.0,64.0,62.0,60.0,60.0,60.0,60.0,64.0,56.0,8.0,4.0,59.239999999999995,61.0,4.0,8.0,2.0,8.0,4.0000000000000036,4.0000000000000036,2,0,0,3,0.0,0.0,0,3,4,3,3,3,3,2.2916666666666665,0.0,1.2083333333333333,5.791666666666667,0.44171779141104295,1,2,0,0.0,64.0,58.0,60.0,1.0,0,1,0,1,3,0.6666666666666667,1
1066,45,2026-03-20 16:14:09.065631,1,13,65.0,0,32.0,64.0,64.0,62.666666666666664,61.0,61.0,62.0,64.0,56.0,8.0,3.8297084310253524,60.66799999999999,62.5,0.0,8.0,3.0,8.0,1.999999999999991,1.999999999999991,0,0,0,4,0.0,0.0,0,4,5,4,3,4,4,1.9305555555555554,0.6254627916220945,2.2083333333333335,8.0,0.4444444444444444,1,3,0,0.0,64.0,60.0,61.0,0.0,0,1,0,2,4,0.5,1
1067,45,2026-03-23 00:14:09.065631,1,36,72.0,1,13.0,65.0,64.5,64.33333333333333,61.8,61.8,64.0,65.0,56.0,9.0,3.768288736283354,61.96759999999999,63.75,1.0,9.0,2.700000000000003,9.0,0.4999999999999961,2.199999999999999,1,0,0,5,0.0,0.0,0,5,6,5,3,5,5,2.0,0.529237746757157,2.3333333333333335,10.333333333333334,0.4411764705882353,1,4,0,0.0,64.0,61.25,61.8,0.0,0,1,0,2,5,0.6,1
1068,45,2026-03-27 09:14:09.065631,1,16,80.0,1,36.0,72.0,68.5,67.0,65.0,63.5,64.0,72.0,56.0,16.0,5.357238094391549,64.97731999999999,67.875,7.0,16.0,5.0,16.0,3.9999999999999942,2.500000000000001,2,0,1,5,0.16666666666666666,0.3333333333333333,1,0,7,6,2,5,6,2.066666666666667,0.48196645803070853,4.375,14.708333333333334,0.3819628647214854,1,5,0,0.0,64.0,63.4,63.5,-1.0,1,0,0,3,6,0.5,1
1070,46,2026-07-07 11:14:09.065680,1,10,40.0,0,10.0,40.0,40.0,40.0,40.0,40.0,40.0,40.0,40.0,0.0,0.0,40.0,40.0,0.0,0.0,0.0,0.0,0.0,0.0,0,0,0,1,0.0,0.0,0,1,2,1,1,1,1,0.0,0.0,2.0416666666666665,2.0416666666666665,0.32876712328767127,0,1,0,0.0,40.0,40.0,40.0,0.0,0,1,0,1,1,0.0,1
1071,46,2026-07-10 18:14:09.065680,1,13,43.33,0,10.0,40.0,40.0,40.0,40.0,40.0,40.0,40.0,40.0,0.0,0.0,40.0,40.0,0.0,0.0,0.0,0.0,0.0,0.0,0,0,0,2,0.0,0.0,0,2,3,2,2,2,2,2.0416666666666665,0.0,3.2916666666666665,5.333333333333333,0.31578947368421056,0,2,0,0.0,40.0,40.0,40.0,1.0,0,0,1,1,2,0.5,1
1072,46,2026-07-14 20:14:09.065680,1,15,50.0,0,13.0,43.33,41.665,41.11,41.11,41.11,40.0,43.33,40.0,3.3299999999999983,1.9225763964014528,40.998999999999995,41.665,3.3299999999999983,3.3299999999999983,0.5549999999999997,3.3299999999999983,1.6650000000000005,1.6650000000000005,1,0,0,3,0.0,0.0,0,3,4,3,1,3,3,2.6666666666666665,0.8838834764831844,4.083333333333333,9.416666666666666,0.28800000000000003,0,2,1,0.3333333333333333,41.11,40.0,43.33,0.0,0,0,1,1,3,0.6666666666666667,1
1073,46,2026-07-22 01:14:09.065680,1,18,60.0,0,15.0,50.0,46.665,44.44333333333333,43.332499999999996,43.332499999999996,41.665,50.0,40.0,10.0,4.7140455025381325,43.699299999999994,45.832499999999996,6.670000000000002,10.0,3.332500000000003,10.0,4.999999999999999,4.999999999999999,2,0,0,4,0.0,0.0,0,4,5,4,0,2,4,3.138888888888889,1.0293718868715434,7.208333333333333,16.625,0.22695035460992907,0,2,2,0.5,43.332499999999996,40.0,46.665,-2.0,1,0,0,1,4,0.75,1
1074,46,2026-07-27 07:14:09.065680,1,31,62.0,0,18.0,60.0,55.0,51.10999999999999,46.666,46.666,43.33,60.0,40.0,20.0,8.498692840666735,48.58950999999999,52.91625,10.0,20.0,8.334000000000003,20.0,8.334999999999997,4.999999999999996,3,0,0,5,0.0,0.0,0,5,6,5,1,2,5,4.15625,2.201476514204181,5.25,21.875,0.2185792349726776,1,2,2,0.4,60.0,40.0,46.665,0.0,1,0,0,2,5,0.6,1
1075,46,2026-07-28 14:14:09.065680,1,13,65.0,0,31.0,62.0,61.0,57.333333333333336,51.065999999999995,49.221666666666664,46.665,62.0,40.0,22.0,9.847376131064896,52.612656999999984,57.458124999999995,2.0,22.0,11.778333333333336,22.0,6.000000000000002,6.066999999999999,4,0,0,6,0.0,0.0,0,6,7,6,2,3,6,4.375,1.968281469821947,1.2916666666666667,23.166666666666668,0.2482758620689655,2,2,2,0.3333333333333333,61.0,40.0,46.665,0.0,1,0,0,2,6,0.6666666666666667,1
1077,47,2026-03-28 04:14:09.065729,1,25,50.0,0,19.0,47.5,47.5,47.5,47.5,47.5,47.5,47.5,47.5,0.0,0.0,47.5,47.5,0.0,0.0,0.0,0.0,0.0,0.0,0,0,0,1,0.0,0.0,0,1,2,1,0,1,1,0.0,0.0,7.083333333333333,7.083333333333333,0.12371134020618559,0,1,0,0.0,47.5,47.5,47.5,1.0,0,0,1,1,1,0.0,1
1078,47,2026-03-29 14:14:09.065729,1,11,55.0,0,25.0,50.0,48.75,48.75,48.75,48.75,48.75,50.0,47.5,2.5,1.7677669529663689,48.25,48.75,2.5,2.5,0.0,2.5,0.0,0.0,1,0,0,2,0.0,0.0,0,2,3,2,1,2,2,7.083333333333333,0.0,1.4166666666666667,8.5,0.21052631578947367,0,1,1,0.5,48.75,47.5,50.0,-1.0,0,1,0,2,2,0.0,1
1079,47,2026-03-30 22:14:09.065729,1,15,60.0,0,11.0,55.0,52.5,50.833333333333336,50.833333333333336,50.833333333333336,50.0,55.0,47.5,7.5,3.8188130791298667,50.275,51.875,5.0,7.5,1.6666666666666643,7.5,3.7499999999999964,3.7499999999999964,2,0,0,3,0.0,0.0,0,3,4,3,2,3,3,4.25,4.006938426723769,1.3333333333333333,9.833333333333334,0.2769230769230769,0,2,1,0.3333333333333333,50.833333333333336,51.25,50.0,0.0,0,1,0,2,3,0.33333333333333337,1
1080,47,2026-04-02 02:14:09.065729,1,28,56.0,0,15.0,60.0,57.5,55.0,53.125,53.125,52.5,60.0,47.5,12.5,5.543389456520863,53.192499999999995,55.9375,5.0,12.5,4.375,12.5,4.999999999999993,4.999999999999993,3,0,0,4,0.0,0.0,0,4,5,4,3,4,4,3.277777777777778,3.2959711658213764,2.1666666666666665,12.0,0.3076923076923077,0,3,1,0.25,53.125,54.166666666666664,50.0,0.0,0,1,0,2,4,0.5,1
1081,47,2026-04-07 10:14:09.065729,1,23,57.5,0,28.0,56.0,58.0,57.0,53.7,53.7,55.0,60.0,47.5,12.5,4.969909455915671,54.03474999999999,55.96875,-4.0,8.5,4.299999999999997,8.5,0.5000000000000024,2.6999999999999975,0,1,0,5,0.0,0.0,0,5,6,5,1,4,5,3.0,2.747894817114717,5.333333333333333,17.333333333333332,0.27272727272727276,0,4,1,0.2,53.7,54.625,50.0,0.0,0,1,0,2,5,0.6,1
1083,48,2026-06-10 11:14:09.065770,1,12,48.0,0,11.0,36.67,36.67,36.67,36.67,36.67,36.67,36.67,36.67,0.0,0.0,36.67,36.67,0.0,0.0,0.0,0.0,0.0,0.0,0,0,0,1,0.0,0.0,0,1,2,1,1,1,1,0.0,0.0,1.375,1.375,0.42105263157894735,0,0,1,1.0,36.67,36.67,36.67,-1.0,0,1,0,1,1,0.0,1
1084,48,2026-06-11 17:14:09.065770,1,26,52.0,0,12.0,48.0,42.335,42.335,42.335,42.335,42.335,48.0,36.67,11.329999999999998,8.011519830843582,40.069,42.335,11.329999999999998,11.329999999999998,0.0,11.329999999999998,0.0,0.0,1,0,0,2,0.0,0.0,0,2,3,2,2,2,2,1.375,0.0,1.25,2.625,0.5517241379310345,0,1,1,0.5,42.335,48.0,36.67,-1.0,1,0,0,2,2,0.0,1
1085,48,2026-06-18 22:14:09.065770,1,29,58.0,0,26.0,52.0,50.0,45.55666666666667,45.55666666666667,45.55666666666667,48.0,52.0,36.67,15.329999999999998,7.9517063158377095,43.6483,47.167500000000004,4.0,15.329999999999998,4.443333333333328,15.329999999999998,7.6649999999999965,7.6649999999999965,2,0,0,3,0.0,0.0,0,3,4,3,0,3,3,1.3125,0.08838834764831845,7.208333333333333,9.833333333333334,0.2769230769230769,1,1,1,0.3333333333333333,52.0,48.0,36.67,0.0,1,0,0,3,3,0.0,1
1086,48,2026-06-21 05:14:09.065770,1,14,56.0,0,29.0,58.0,55.0,52.666666666666664,48.667500000000004,48.667500000000004,50.0,58.0,36.67,21.33,8.992342575769674,47.95381,52.58375,6.0,21.33,6.332499999999996,21.33,5.000000000000003,5.000000000000003,3,0,0,4,0.0,0.0,0,4,5,4,1,4,4,3.2777777777777772,3.404534693828436,2.2916666666666665,12.125,0.3047619047619048,2,1,1,0.25,55.0,48.0,36.67,2.0,0,0,1,3,4,0.25,1
1087,48,2026-06-25 15:14:09.065770,1,18,60.0,0,14.0,56.0,57.0,55.333333333333336,50.134,50.134,52.0,58.0,36.67,21.33,8.449839051721636,50.367667,54.291875000000005,-2.0,19.33,6.866,19.33,1.999999999999994,4.865999999999999,0,1,0,5,0.0,0.0,0,5,6,5,2,3,5,3.0312499999999996,2.8231793133248173,4.416666666666667,16.541666666666668,0.2850356294536817,2,1,2,0.4,55.0,48.0,46.335,0.0,0,0,1,3,5,0.4,1
1089,49,2026-04-14 01:14:09.065812,1,10,50.0,0,12.0,48.0,48.0,48.0,48.0,48.0,48.0,48.0,48.0,0.0,0.0,48.0,48.0,0.0,0.0,0.0,0.0,0.0,0.0,0,0,0,1,0.0,0.0,0,1,2,1,1,1,1,0.0,0.0,1.125,1.125,0.47058823529411764,1,0,0,0.0,48.0,48.0,48.0,0.0,1,0,0,1,1,0.0,1
1090,49,2026-04-21 11:14:09.065812,1,15,50.0,0,10.0,50.0,49.0,49.0,49.0,49.0,49.0,50.0,48.0,2.0,1.4142135623730951,48.599999999999994,49.0,2.0,2.0,0.0,2.0,0.0,0.0,1,0,0,2,0.0,0.0,0,2,3,2,0,2,2,1.125,0.0,7.416666666666667,8.541666666666666,0.20960698689956334,2,0,0,0.0,49.0,49.0,49.0,1.0,0,1,0,2,2,0.0,1
1091,49,2026-04-23 13:14:09.065812,1,13,52.0,0,15.0,50.0,50.0,49.333333333333336,49.333333333333336,49.333333333333336,50.0,50.0,48.0,2.0,1.1547005383792517,49.019999999999996,49.5,0.0,2.0,0.6666666666666643,2.0,0.9999999999999954,0.9999999999999954,0,0,0,3,0.0,0.0,0,3,4,3,1,3,3,4.270833333333334,4.448880164965361,2.0833333333333335,10.625,0.25806451612903225,2,1,0,0.0,49.0,50.0,49.333333333333336,1.0,0,0,1,2,3,0.33333333333333337,1
1092,49,2026-04-24 17:14:09.065812,1,16,64.0,0,13.0,52.0,51.0,50.666666666666664,50.0,50.0,50.0,52.0,48.0,4.0,1.632993161855452,49.913999999999994,50.75,2.0,4.0,1.0,4.0,0.9999999999999986,0.9999999999999986,1,0,0,4,0.0,0.0,0,4,5,4,2,4,4,3.5416666666666674,3.3898848718569257,1.1666666666666667,11.791666666666666,0.3127035830618893,2,1,1,0.25,49.0,50.0,52.0,-1.0,0,1,0,2,4,0.5,1
1093,49,2026-04-29 18:14:09.065812,1,16,64.0,0,16.0,64.0,58.0,55.333333333333336,52.8,52.8,50.0,64.0,48.0,16.0,6.418722614352485,54.139799999999994,57.375,12.0,16.0,5.200000000000003,16.0,6.9999999999999964,3.3999999999999972,2,0,0,5,0.0,0.0,0,5,6,5,2,3,5,2.947916666666667,3.011816043457772,5.041666666666667,16.833333333333332,0.28037383177570097,2,2,1,0.2,49.0,57.0,52.0,0.0,0,1,0,2,5,0.6,1
1094,49,2026-05-06 21:14:09.065812,1,35,70.0,1,16.0,64.0,64.0,60.0,56.0,54.666666666666664,51.0,64.0,48.0,16.0,7.339391437078872,57.09786,60.6875,0.0,16.0,9.333333333333336,16.0,5.999999999999996,4.199999999999996,0,0,0,6,0.0,0.0,0,6,7,6,0,3,6,3.366666666666667,2.7712875567544817,7.125,23.958333333333332,0.24040066777963273,2,3,1,0.16666666666666666,49.0,59.333333333333336,52.0,0.0,0,1,0,3,6,0.5,1
1095,49,2026-05-08 03:14:09.065812,1,30,75.0,1,35.0,70.0,67.0,66.0,60.0,56.857142857142854,52.0,70.0,48.0,22.0,8.858678822273133,60.968501999999994,65.34375,6.0,22.0,10.142857142857146,22.0,2.999999999999993,5.2,1,0,1,6,0.14285714285714285,0.3333333333333333,1,0,8,7,1,3,7,3.993055555555556,2.91516826590139,1.25,25.208333333333332,0.2670906200317965,2,4,1,0.14285714285714285,49.0,62.0,52.0,0.0,0,1,0,3,7,0.5714285714285714,1
1096,49,2026-05-09 04:14:09.065812,1,19,76.0,1,30.0,75.0,72.5,69.66666666666667,65.0,59.125,58.0,75.0,48.0,27.0,10.412046594484405,65.17795139999998,70.171875,5.0,27.0,13.375,27.0,5.499999999999999,5.199999999999996,2,0,2,6,0.25,0.6666666666666666,2,0,9,8,2,3,8,3.6011904761904767,2.8560017562575193,1.0416666666666667,26.25,0.29357798165137616,2,5,1,0.125,49.0,64.6,52.0,-1.0,1,0,0,3,8,0.625,1
1098,50,2026-03-12 21:14:09.065875,1,28,56.0,0,9.0,45.0,45.0,45.0,45.0,45.0,45.0,45.0,45.0,0.0,0.0,45.0,45.0,0.0,0.0,0.0,0.0,0.0,0.0,0,0,0,1,0.0,0.0,0,1,2,1,1,1,1,0.0,0.0,3.2083333333333335,3.2083333333333335,0.23762376237623759,0,0,1,1.0,45.0,45.0,45.0,-2.0,1,0,0,1,1,0.0,1
1099,50,2026-03-20 06:14:09.065875,1,24,48.0,0,28.0,56.0,50.5,50.5,50.5,50.5,50.5,56.0,45.0,11.0,7.7781745930520225,48.3,50.5,11.0,11.0,0.0,11.0,0.0,0.0,1,0,0,2,0.0,0.0,0,2,3,2,0,2,2,3.2083333333333335,0.0,7.375,10.583333333333334,0.1726618705035971,1,0,1,0.5,56.0,50.5,45.0,2.0,0,0,1,1,2,0.5,1
1100,50,2026-03-21 12:14:09.065875,1,17,56.67,0,24.0,48.0,52.0,49.666666666666664,49.666666666666664,49.666666666666664,48.0,56.0,45.0,11.0,5.686240703077327,48.209999999999994,49.25,-8.0,3.0,2.3333333333333357,3.0,1.500000000000001,1.500000000000001,0,1,0,3,0.0,0.0,0,3,4,3,1,3,3,5.291666666666667,2.946278254943948,1.25,11.833333333333334,0.23376623376623376,1,0,2,0.6666666666666666,56.0,49.666666666666664,46.5,-1.0,0,1,0,2,3,0.33333333333333337,1
1101,50,2026-03-28 22:14:09.065875,1,11,55.0,0,17.0,56.67,52.335,53.55666666666667,51.417500000000004,51.417500000000004,52.0,56.67,45.0,11.670000000000002,5.815257947847198,50.74799999999999,52.96,8.670000000000002,11.670000000000002,0.9174999999999969,11.670000000000002,0.3350000000000001,0.3350000000000001,1,0,0,4,0.0,0.0,0,4,5,4,0,2,4,3.9444444444444446,3.1281465640097372,7.416666666666667,19.25,0.19753086419753085,1,1,2,0.5,56.0,56.67,46.5,1.0,0,0,1,2,4,0.5,1
1102,50,2026-04-05 00:14:09.065875,1,32,64.0,0,11.0,55.0,55.835,53.223333333333336,52.134,52.134,55.0,56.67,45.0,11.670000000000002,5.284863290568641,52.02359999999999,53.980000000000004,-1.6700000000000017,10.0,3.7010000000000005,10.0,3.4999999999999982,2.0669999999999997,0,1,0,5,0.0,0.0,0,5,6,5,0,1,5,4.8125,3.0883030519592376,7.083333333333333,26.333333333333332,0.18292682926829268,1,1,3,0.6,56.0,56.67,49.333333333333336,-1.0,0,1,0,3,5,0.4,1
1103,50,2026-04-06 02:14:09.065875,1,13,65.0,0,32.0,64.0,59.5,58.55666666666667,55.934000000000005,54.11166666666667,55.5,64.0,45.0,19.0,6.76836883352752,55.616519999999994,58.99,9.0,19.0,5.388333333333328,19.0,3.6649999999999943,2.2999999999999954,1,0,0,6,0.0,0.0,0,6,7,6,1,2,6,5.266666666666667,2.8608650109907514,1.0833333333333333,27.416666666666668,0.21114369501466274,1,2,3,0.5,56.0,60.335,49.333333333333336,1.0,0,0,1,3,6,0.5,1
1104,50,2026-04-08 11:14:09.065875,1,29,72.5,1,13.0,65.0,64.5,61.333333333333336,57.734,55.667142857142856,56.0,65.0,45.0,20.0,7.423760759178855,58.431563999999995,61.995000000000005,1.0,20.0,8.832857142857144,20.0,4.9999999999999964,4.133000000000002,2,0,0,7,0.0,0.0,0,7,8,7,2,3,7,4.569444444444444,3.0764186730436824,2.375,29.791666666666668,0.22733423545331527,1,2,4,0.5714285714285714,56.0,60.335,53.25,-1.0,0,1,0,3,7,0.5714285714285714,1
1105,50,2026-04-15 12:14:09.065875,1,36,72.0,1,29.0,72.5,68.75,67.16666666666667,62.634,57.77125,56.335,72.5,45.0,27.5,9.091599635299138,62.65209479999999,67.2475,7.5,27.5,10.978749999999998,27.5,4.249999999999996,4.165999999999996,3,0,1,7,0.125,0.3333333333333333,1,0,9,8,0,3,6,4.2559523809523805,2.9282931536392995,7.041666666666667,36.833333333333336,0.21145374449339205,1,3,4,0.5,56.0,64.39,53.25,0.0,0,1,0,3,8,0.625,1
1107,51,2026-06-16 02:14:09.065936,1,20,50.0,0,9.0,45.0,45.0,45.0,45.0,45.0,45.0,45.0,45.0,0.0,0.0,45.0,45.0,0.0,0.0,0.0,0.0,0.0,0.0,0,0,0,1,0.0,0.0,0,1,2,1,1,1,1,0.0,0.0,1.4166666666666667,1.4166666666666667,0.4137931034482758,0,1,0,0.0,45.0,45.0,45.0,0.0,0,1,0,1,1,0.0,1
1108,51,2026-06-21 04:14:09.065936,1,13,52.0,0,20.0,50.0,47.5,47.5,47.5,47.5,47.5,50.0,45.0,5.0,3.5355339059327378,46.5,47.5,5.0,5.0,0.0,5.0,0.0,0.0,1,0,0,2,0.0,0.0,0,2,3,2,2,2,2,1.4166666666666667,0.0,5.083333333333333,6.5,0.26666666666666666,0,2,0,0.0,47.5,47.5,47.5,1.0,0,0,1,1,2,0.5,1
1109,51,2026-06-22 07:14:09.065936,1,15,60.0,0,13.0,52.0,51.0,49.0,49.0,49.0,50.0,52.0,45.0,7.0,3.605551275463989,48.15,49.75,2.0,7.0,2.0,7.0,3.499999999999992,3.499999999999992,2,0,0,3,0.0,0.0,0,3,4,3,2,3,3,3.25,2.5927248643506737,1.125,7.625,0.34782608695652173,0,2,1,0.3333333333333333,49.0,47.5,52.0,-2.0,1,0,0,1,3,0.6666666666666667,1
1110,51,2026-06-24 10:14:09.065936,1,13,65.0,0,15.0,60.0,56.0,54.0,51.75,51.75,51.0,60.0,45.0,15.0,6.238322424070967,51.705,54.875,8.0,15.0,4.25,15.0,4.999999999999993,4.999999999999993,3,0,0,4,0.0,0.0,0,4,5,4,2,4,4,2.5416666666666665,2.205973581991508,2.125,9.75,0.37209302325581395,1,2,1,0.25,60.0,47.5,52.0,1.0,0,1,0,2,4,0.5,1
1111,51,2026-06-25 14:14:09.065936,1,14,70.0,1,13.0,65.0,62.5,59.0,54.4,54.4,52.0,65.0,45.0,20.0,8.018728078691781,55.69349999999999,59.9375,5.0,20.0,8.100000000000001,20.0,6.499999999999995,4.999999999999997,4,0,0,5,0.0,0.0,0,5,6,5,3,5,5,2.4375,1.8131783532627836,1.1666666666666667,10.916666666666666,0.4195804195804196,1,3,1,0.2,60.0,53.333333333333336,52.0,0.0,0,1,0,3,5,0.4,1
1112,51,2026-06-27 23:14:09.065936,1,17,68.0,0,14.0,70.0,67.5,65.0,59.4,57.0,56.0,70.0,45.0,25.0,9.591663046625438,59.98544999999999,64.96875,5.0,25.0,10.5,25.0,5.000000000000003,5.299999999999996,5,0,1,5,0.16666666666666666,0.3333333333333333,1,0,7,6,4,6,6,2.183333333333333,1.6699446930296156,2.375,13.291666666666666,0.4198250728862974,1,4,1,0.16666666666666666,60.0,57.5,52.0,1.0,0,0,1,3,6,0.5,1
1113,51,2026-07-01 07:14:09.065936,1,19,76.0,1,17.0,68.0,69.0,67.66666666666667,63.0,58.57142857142857,60.0,70.0,45.0,25.0,9.692903638868023,62.38981499999999,66.484375,-2.0,23.0,10.42857142857143,23.0,1.500000000000001,4.199999999999993,0,1,1,6,0.14285714285714285,0.3333333333333333,0,1,8,7,3,5,7,2.2152777777777777,1.4956921165157644,3.3333333333333335,16.625,0.3971631205673759,1,4,2,0.2857142857142857,60.0,57.5,60.0,-1.0,0,1,0,3,7,0.5714285714285714,1
1114,51,2026-07-08 14:14:09.065936,1,16,80.0,1,19.0,76.0,72.0,71.33333333333333,67.8,60.75,62.5,76.0,45.0,31.0,10.88577052853862,66.4728705,71.2421875,8.0,31.0,11.25,31.0,2.999999999999999,3.499999999999992,1,0,2,6,0.25,0.6666666666666666,1,0,9,8,0,3,8,2.375,1.429273967465326,7.291666666666667,23.916666666666668,0.3210702341137124,1,5,2,0.25,60.0,61.2,60.0,-1.0,1,0,0,3,8,0.625,1
1116,52,2026-03-31 23:14:09.065997,1,17,42.5,0,8.0,40.0,40.0,40.0,40.0,40.0,40.0,40.0,40.0,0.0,0.0,40.0,40.0,0.0,0.0,0.0,0.0,0.0,0.0,0,0,0,1,0.0,0.0,0,1,2,1,1,1,1,0.0,0.0,5.166666666666667,5.166666666666667,0.16216216216216214,1,0,0,0.0,40.0,40.0,40.0,1.0,0,1,0,1,1,0.0,1
1117,52,2026-04-05 01:14:09.065997,1,8,32.0,0,17.0,42.5,41.25,41.25,41.25,41.25,41.25,42.5,40.0,2.5,1.7677669529663689,40.75,41.25,2.5,2.5,0.0,2.5,0.0,0.0,1,0,0,2,0.0,0.0,0,2,3,2,1,2,2,5.166666666666667,0.0,4.083333333333333,9.25,0.1951219512195122,1,1,0,0.0,40.0,42.5,41.25,1.0,0,0,1,2,2,0.0,1
1118,52,2026-04-06 03:14:09.065997,1,8,40.0,0,8.0,32.0,37.25,38.166666666666664,38.166666666666664,38.166666666666664,40.0,42.5,32.0,10.5,5.484827557301445,38.125,36.625,-10.5,-8.0,-0.9166666666666643,-8.0,-4.000000000000001,-4.000000000000001,0,1,0,3,0.0,0.0,0,3,4,3,2,3,3,4.625,0.7660323462854269,1.0833333333333333,10.333333333333334,0.2647058823529412,1,1,1,0.3333333333333333,40.0,42.5,32.0,-1.0,0,1,0,2,3,0.33333333333333337,1
1119,52,2026-04-07 07:14:09.065997,1,10,40.0,0,8.0,40.0,36.0,38.166666666666664,38.625,38.625,40.0,42.5,32.0,10.5,4.571196050634159,38.6875,38.3125,8.0,0.0,-2.625,0.0,-1.2499999999999998,-1.2499999999999998,1,0,0,4,0.0,0.0,0,4,5,4,3,4,4,3.4444444444444446,2.1153101514995476,1.1666666666666667,11.5,0.32,1,2,1,0.25,40.0,41.25,32.0,0.0,0,1,0,3,4,0.25,1
1120,52,2026-04-14 09:14:09.065997,1,18,36.0,0,10.0,40.0,40.0,37.333333333333336,38.9,38.9,40.0,42.5,32.0,10.5,4.006245124802025,39.08125,39.15625,0.0,0.0,1.1000000000000014,0.0,4.000000000000003,-0.25000000000000205,0,0,0,5,0.0,0.0,0,5,6,5,0,4,5,2.875,2.068838464596159,7.083333333333333,18.583333333333332,0.25531914893617025,1,3,1,0.2,40.0,40.833333333333336,32.0,1.0,0,0,1,3,5,0.4,1
1121,52,2026-04-15 11:14:09.065997,1,10,50.0,0,18.0,36.0,38.0,38.666666666666664,38.1,38.416666666666664,40.0,42.5,32.0,10.5,3.7738132792530514,38.15687499999999,37.578125,-4.0,-4.0,-0.4166666666666643,-4.0,-1.9999999999999971,-0.5000000000000041,0,1,0,6,0.0,0.0,0,6,7,6,1,4,6,3.7166666666666663,2.5984771181084763,1.0833333333333333,19.666666666666668,0.29032258064516125,1,3,2,0.3333333333333333,40.0,40.833333333333336,34.0,-2.0,1,0,0,3,6,0.5,1
1122,52,2026-04-18 18:14:09.065997,1,12,60.0,0,10.0,50.0,43.0,42.0,39.6,40.07142857142857,40.0,50.0,32.0,18.0,5.570970677154412,41.7098125,43.7890625,14.0,10.0,2.9285714285714306,10.0,4.999999999999997,3.199999999999997,1,0,0,7,0.0,0.0,0,7,8,7,2,5,7,3.2777777777777772,2.560743526284389,3.2916666666666665,22.958333333333332,0.2921739130434783,2,3,2,0.2857142857142857,45.0,40.833333333333336,34.0,0.0,1,0,0,3,7,0.5714285714285714,1
1123,52,2026-04-20 20:14:09.065997,1,12,60.0,0,12.0,60.0,55.0,48.666666666666664,45.2,42.5625,40.0,60.0,32.0,28.0,8.731868970288417,47.19686874999999,51.89453125,10.0,20.0,12.4375,20.0,12.0,4.999999999999997,2,0,0,8,0.0,0.0,0,8,9,8,3,4,8,3.2797619047619047,2.337634216501532,2.0833333333333335,25.041666666666668,0.3072,3,3,2,0.25,50.0,40.833333333333336,34.0,1.0,0,1,0,3,8,0.625,1
1124,52,2026-04-25 06:14:09.065997,1,26,65.0,0,12.0,60.0,60.0,56.666666666666664,49.2,44.5,40.0,60.0,32.0,28.0,10.024968827881711,51.03780812499999,55.947265625,0.0,20.0,15.5,20.0,4.9999999999999964,6.399999999999999,0,0,0,9,0.0,0.0,0,9,10,9,2,4,9,3.130208333333333,2.205179407721307,4.416666666666667,29.458333333333332,0.2954856361149111,3,4,2,0.2222222222222222,50.0,45.625,34.0,-1.0,1,0,0,3,9,0.6666666666666667,1
1126,53,2026-08-08 00:14:09.066066,1,20,66.67,0,18.0,60.0,60.0,60.0,60.0,60.0,60.0,60.0,60.0,0.0,0.0,60.0,60.0,0.0,0.0,0.0,0.0,0.0,0.0,0,0,0,1,0.0,0.0,0,1,2,1,1,1,1,0.0,0.0,1.125,1.125,0.47058823529411764,0,1,0,0.0,60.0,60.0,60.0,-1.0,1,0,0,1,1,0.0,1
1127,53,2026-08-15 06:14:09.066066,1,28,70.0,1,20.0,66.67,63.335,63.335,63.335,63.335,63.335,66.67,60.0,6.670000000000002,4.716402230514273,62.001000000000005,63.335,6.670000000000002,6.670000000000002,0.0,6.670000000000002,0.0,0.0,1,0,0,2,0.0,0.0,0,2,3,2,0,2,2,1.125,0.0,7.25,8.375,0.21333333333333335,1,1,0,0.0,66.67,60.0,63.335,0.0,1,0,0,2,2,0.0,1
1128,53,2026-08-20 08:14:09.066066,1,18,72.0,1,28.0,70.0,68.33500000000001,65.55666666666667,65.55666666666667,65.55666666666667,66.67,70.0,60.0,10.0,5.0921148193391454,64.4007,66.6675,3.3299999999999983,10.0,2.778333333333336,10.0,4.999999999999999,4.999999999999999,2,0,1,2,0.3333333333333333,0.3333333333333333,1,0,4,3,1,3,3,4.1875,4.331029034767604,5.083333333333333,13.458333333333334,0.207492795389049,2,1,0,0.0,68.33500000000001,60.0,65.55666666666667,1.0,0,1,0,2,3,0.33333333333333337,1
1129,53,2026-08-25 09:14:09.066066,1,21,84.0,1,18.0,72.0,71.0,69.55666666666667,67.1675,67.1675,68.33500000000001,72.0,60.0,12.0,5.259805921641343,66.68048999999999,69.33375000000001,2.0,12.0,3.832499999999996,12.0,2.665000000000002,2.665000000000002,3,0,2,2,0.5,0.6666666666666666,2,0,5,4,1,2,4,4.486111111111111,3.1058673566392105,5.041666666666667,18.5,0.20512820512820512,2,2,0,0.0,68.33500000000001,66.0,67.1675,0.0,0,1,0,2,4,0.5,1
1130,53,2026-09-01 13:14:09.066066,1,25,83.33,1,21.0,84.0,78.0,75.33333333333333,70.534,70.534,70.0,84.0,60.0,24.0,8.798623756020028,71.87634299999999,76.666875,12.0,24.0,7.465999999999994,24.0,6.999999999999994,5.332999999999997,4,0,3,2,0.6,1.0,3,0,6,5,0,2,5,4.625,2.551098165859529,7.166666666666667,25.666666666666668,0.1875,2,3,0,0.0,68.33500000000001,72.0,70.534,0.0,0,1,0,2,5,0.6,1
1131,53,2026-09-06 20:14:09.066066,1,22,88.0,1,25.0,83.33,83.66499999999999,79.77666666666666,75.2,72.66666666666667,71.0,84.0,60.0,24.0,9.445751778798058,75.31244009999999,79.9984375,-0.6700000000000017,23.33,10.99833333333332,23.33,5.664999999999996,4.731999999999997,0,1,4,2,0.6666666666666666,1.0,4,0,7,6,1,2,5,5.133333333333334,2.4845704412992156,5.291666666666667,30.958333333333332,0.1877444589308996,2,4,0,0.0,68.33500000000001,74.8325,72.66666666666667,0.0,0,1,0,2,6,0.6666666666666667,1
1132,53,2026-09-11 22:14:09.066066,1,18,90.0,1,22.0,88.0,85.66499999999999,85.11,79.466,74.85714285714286,72.0,88.0,60.0,28.0,10.389377129686704,79.11870807,83.99921875,4.670000000000002,28.0,10.80785714285713,28.0,2.0000000000000098,4.733000000000005,1,0,5,2,0.7142857142857143,1.0,5,0,8,7,1,2,5,5.159722222222222,2.223207246966185,5.083333333333333,36.041666666666664,0.18897637795275593,2,5,0,0.0,68.33500000000001,77.466,74.85714285714286,0.0,0,1,0,2,7,0.7142857142857143,1
1133,53,2026-09-13 05:14:09.066066,1,34,85.0,1,18.0,90.0,89.0,87.11,83.466,76.75,77.66499999999999,90.0,60.0,30.0,11.008294275551632,82.383095649,86.999609375,2.0,30.0,12.25,30.0,3.335000000000009,3.999999999999996,2,0,6,2,0.75,1.0,6,0,9,8,2,3,6,5.148809523809525,2.0297066277442646,1.2916666666666667,37.333333333333336,0.20869565217391303,2,6,0,0.0,68.33500000000001,79.55499999999999,76.75,1.0,0,0,1,2,8,0.75,1
1135,54,2026-07-16 19:14:09.066127,1,12,48.0,0,24.0,48.0,48.0,48.0,48.0,48.0,48.0,48.0,48.0,0.0,0.0,48.0,48.0,0.0,0.0,0.0,0.0,0.0,0.0,0,0,0,1,0.0,0.0,0,1,2,1,1,1,1,0.0,0.0,1.0416666666666667,1.0416666666666667,0.48979591836734687,0,1,0,0.0,48.0,48.0,48.0,0.0,0,1,0,1,1,0.0,1
1136,54,2026-07-18 20:14:09.066127,1,21,52.5,0,12.0,48.0,48.0,48.0,48.0,48.0,48.0,48.0,48.0,0.0,0.0,47.99999999999999,48.0,0.0,0.0,0.0,0.0,0.0,0.0,0,0,0,2,0.0,0.0,0,2,3,2,2,2,2,1.0416666666666667,0.0,2.0416666666666665,3.0833333333333335,0.48979591836734687,0,2,0,0.0,48.0,48.0,48.0,0.0,0,1,0,2,2,0.0,1
1137,54,2026-07-24 02:14:09.066127,1,17,56.67,0,21.0,52.5,50.25,49.5,49.5,49.5,48.0,52.5,48.0,4.5,2.598076211353316,49.349999999999994,50.25,4.5,4.5,0.75,4.5,2.2499999999999982,2.2499999999999982,1,0,0,3,0.0,0.0,0,3,4,3,1,3,3,1.5416666666666665,0.7071067811865474,5.25,8.333333333333334,0.3214285714285714,0,3,0,0.0,49.5,49.5,49.5,-1.0,1,0,0,2,3,0.33333333333333337,1
1138,54,2026-07-26 05:14:09.066127,1,26,65.0,0,17.0,56.67,54.585,52.39000000000001,51.292500000000004,51.292500000000004,50.25,56.67,48.0,8.670000000000002,4.16560019685039,51.54599999999999,53.46,4.170000000000002,8.670000000000002,3.292499999999997,8.670000000000002,4.334999999999995,4.334999999999995,2,0,0,4,0.0,0.0,0,4,5,4,1,4,4,2.7777777777777772,2.19861593668313,2.125,10.458333333333334,0.34909090909090906,1,3,0,0.0,56.67,49.5,51.292500000000004,0.0,1,0,0,3,4,0.25,1
1139,54,2026-07-27 06:14:09.066127,1,17,56.67,0,26.0,65.0,60.835,58.05666666666667,54.034000000000006,54.034000000000006,52.5,65.0,48.0,17.0,7.112895331719707,55.58219999999999,59.230000000000004,8.329999999999998,17.0,6.800999999999995,17.0,6.249999999999993,4.266999999999994,3,0,0,5,0.0,0.0,0,5,6,5,2,5,5,2.614583333333333,1.8245924836745002,1.0416666666666667,11.5,0.4,2,3,0,0.0,60.835,49.5,54.034000000000006,1.0,0,1,0,3,5,0.4,1
1140,54,2026-07-30 09:14:09.066127,1,25,62.5,0,17.0,56.67,60.835,59.446666666666665,55.76800000000001,54.473333333333336,54.585,65.0,48.0,17.0,6.452341177174891,55.90853999999999,57.95,-8.329999999999998,8.670000000000002,6.361666666666665,8.670000000000002,-3.17764371615651e-15,2.9840000000000018,0,1,0,6,0.0,0.0,0,6,7,6,3,5,6,2.3,1.729643508549281,3.125,14.625,0.384,2,4,0,0.0,60.835,51.292500000000004,54.473333333333336,0.0,0,1,0,3,6,0.5,1
1142,55,2026-04-01 23:14:09.066178,1,17,42.5,0,7.0,35.0,35.0,35.0,35.0,35.0,35.0,35.0,35.0,0.0,0.0,35.0,35.0,0.0,0.0,0.0,0.0,0.0,0.0,0,0,0,1,0.0,0.0,0,1,2,1,0,1,1,0.0,0.0,7.375,7.375,0.11940298507462686,0,1,0,0.0,35.0,35.0,35.0,0.0,0,1,0,1,1,0.0,1
1143,55,2026-04-07 03:14:09.066178,1,25,50.0,0,17.0,42.5,38.75,38.75,38.75,38.75,38.75,42.5,35.0,7.5,5.303300858899107,37.25,38.75,7.5,7.5,0.0,7.5,0.0,0.0,1,0,0,2,0.0,0.0,0,2,3,2,1,2,2,7.375,0.0,5.166666666666667,12.541666666666666,0.1476923076923077,0,2,0,0.0,38.75,38.75,38.75,0.0,0,1,0,1,2,0.5,1
1144,55,2026-04-11 06:14:09.066178,1,28,56.0,0,25.0,50.0,46.25,42.5,42.5,42.5,42.5,50.0,35.0,15.0,7.5,41.075,44.375,7.5,15.0,3.75,15.0,7.499999999999997,7.499999999999997,2,0,0,3,0.0,0.0,0,3,4,3,1,2,3,6.270833333333334,1.5615274751202923,4.125,16.666666666666668,0.16981132075471697,0,3,0,0.0,42.5,42.5,42.5,-1.0,1,0,0,2,3,0.33333333333333337,1
1145,55,2026-04-12 08:14:09.066178,1,15,60.0,0,28.0,56.0,53.0,49.5,45.875,45.875,46.25,56.0,35.0,21.0,9.113863066779093,45.5525,50.1875,6.0,21.0,7.125,21.0,6.75,6.75,3,0,0,4,0.0,0.0,0,4,5,4,2,3,4,5.555555555555556,1.6595333458312689,1.0833333333333333,17.75,0.21333333333333335,1,3,0,0.0,56.0,42.5,45.875,0.0,1,0,0,2,4,0.5,1
1146,55,2026-04-13 13:14:09.066178,1,30,60.0,0,15.0,60.0,58.0,55.333333333333336,48.7,48.7,50.0,60.0,35.0,25.0,10.10940156488009,49.88675,55.09375,4.0,25.0,9.299999999999997,25.0,4.999999999999999,6.349999999999997,4,0,0,5,0.0,0.0,0,5,6,5,3,4,5,4.4375,2.614617916991286,1.2083333333333333,18.958333333333332,0.25052192066805845,2,3,0,0.0,58.0,42.5,48.7,0.0,1,0,0,2,5,0.6,1
1148,56,2026-03-21 07:14:09.066220,1,21,52.5,0,20.0,50.0,50.0,50.0,50.0,50.0,50.0,50.0,50.0,0.0,0.0,50.0,50.0,0.0,0.0,0.0,0.0,0.0,0.0,0,0,0,1,0.0,0.0,0,1,2,1,1,1,1,0.0,0.0,4.125,4.125,0.1951219512195122,0,1,0,0.0,50.0,50.0,50.0,0.0,0,1,0,1,1,0.0,1
1149,56,2026-03-25 12:14:09.066220,1,11,55.0,0,21.0,52.5,51.25,51.25,51.25,51.25,51.25,52.5,50.0,2.5,1.7677669529663689,50.75,51.25,2.5,2.5,0.0,2.5,0.0,0.0,1,0,0,2,0.0,0.0,0,2,3,2,1,2,2,4.125,0.0,4.208333333333333,8.333333333333334,0.21428571428571427,0,2,0,0.0,51.25,51.25,51.25,1.0,0,0,1,2,2,0.0,1
1150,56,2026-04-01 18:14:09.066220,1,16,64.0,0,11.0,55.0,53.75,52.5,52.5,52.5,52.5,55.0,50.0,5.0,2.5,52.025,53.125,2.5,5.0,1.25,5.0,2.4999999999999933,2.4999999999999933,2,0,0,3,0.0,0.0,0,3,4,3,0,2,3,4.166666666666666,0.05892556509887875,7.25,15.583333333333334,0.1809045226130653,0,2,1,0.3333333333333333,52.5,51.25,55.0,-1.0,0,1,0,2,3,0.33333333333333337,1
1151,56,2026-04-03 23:14:09.066220,1,21,70.0,1,16.0,64.0,59.5,57.166666666666664,55.375,55.375,53.75,64.0,50.0,14.0,6.101570835995159,55.61749999999999,58.5625,9.0,14.0,4.125,14.0,5.749999999999994,5.749999999999994,3,0,0,4,0.0,0.0,0,4,5,4,1,3,4,5.194444444444444,1.7806508901501699,2.2083333333333335,17.791666666666668,0.21286031042128603,0,3,1,0.25,55.375,55.5,55.0,1.0,0,0,1,2,4,0.5,1
1152,56,2026-04-08 00:14:09.066220,1,15,75.0,1,21.0,70.0,67.0,63.0,58.3,58.3,55.0,70.0,50.0,20.0,8.408329203831164,59.93224999999999,64.28125,6.0,20.0,8.700000000000003,20.0,7.500000000000003,5.149999999999998,4,0,1,4,0.2,0.3333333333333333,1,0,6,5,2,3,5,4.447916666666666,2.083992951132602,4.041666666666667,21.833333333333332,0.21897810218978103,0,3,2,0.4,58.3,55.5,62.5,-1.0,0,1,0,2,5,0.6,1
1153,56,2026-04-13 04:14:09.066220,1,20,80.0,1,15.0,75.0,72.5,69.66666666666667,63.3,61.083333333333336,59.5,75.0,50.0,25.0,10.150944126861633,64.452575,69.640625,5.0,25.0,11.416666666666664,25.0,5.499999999999999,5.999999999999997,5,0,2,4,0.3333333333333333,0.6666666666666666,2,0,7,6,1,3,6,4.366666666666666,1.8139122850286278,5.166666666666667,27.0,0.21428571428571427,0,4,2,0.3333333333333333,61.083333333333336,60.375,62.5,0.0,0,1,0,2,6,0.6666666666666667,1
1155,57,2026-07-22 00:14:09.066268,1,8,32.0,0,7.0,35.0,35.0,35.0,35.0,35.0,35.0,35.0,35.0,0.0,0.0,35.0,35.0,0.0,0.0,0.0,0.0,0.0,0.0,0,0,0,1,0.0,0.0,0,1,2,1,1,1,1,0.0,0.0,2.3333333333333335,2.3333333333333335,0.3,1,0,0,0.0,35.0,35.0,35.0,1.0,0,1,0,1,1,0.0,1
1156,57,2026-07-29 07:14:09.066268,1,13,32.5,0,8.0,32.0,33.5,33.5,33.5,33.5,33.5,35.0,32.0,3.0,2.1213203435596424,34.1,33.5,-3.0,-3.0,0.0,-3.0,0.0,0.0,0,1,0,2,0.0,0.0,0,2,3,2,0,2,2,2.3333333333333335,0.0,7.291666666666667,9.625,0.18823529411764706,1,1,0,0.0,35.0,32.0,33.5,1.0,0,0,1,1,2,0.5,1
1157,57,2026-08-01 08:14:09.066268,1,20,40.0,0,13.0,32.5,32.25,33.166666666666664,33.166666666666664,33.166666666666664,32.5,35.0,32.0,3.0,1.607275126832159,33.620000000000005,33.0,0.5,-2.5,-0.9166666666666643,-2.5,-1.2500000000000047,-1.2500000000000047,1,0,0,3,0.0,0.0,0,3,4,3,1,3,3,4.8125,3.506071123383298,3.0416666666666665,12.666666666666666,0.21951219512195122,1,1,1,0.3333333333333333,35.0,32.0,32.5,0.0,0,0,1,2,3,0.33333333333333337,1
1158,57,2026-08-02 14:14:09.066268,1,22,44.0,0,20.0,40.0,36.25,34.833333333333336,34.875,34.875,33.75,40.0,32.0,8.0,3.660031875999625,35.534000000000006,36.5,7.5,5.0,1.375,5.0,3.999999999999998,3.999999999999998,2,0,0,4,0.0,0.0,0,4,5,4,2,4,4,4.222222222222222,2.6817067188501293,1.25,13.916666666666666,0.2681564245810056,1,1,2,0.5,35.0,32.0,36.25,0.0,0,0,1,2,4,0.5,1
1159,57,2026-08-06 22:14:09.066268,1,10,50.0,0,22.0,44.0,42.0,38.833333333333336,36.7,36.7,35.0,44.0,32.0,12.0,5.167204273105526,38.073800000000006,40.25,4.0,9.0,5.299999999999997,9.0,5.750000000000005,2.599999999999997,3,0,0,5,0.0,0.0,0,5,6,5,2,3,5,3.4791666666666665,2.646298078168542,4.333333333333333,18.25,0.2597402597402597,1,1,3,0.6,35.0,32.0,38.833333333333336,-1.0,0,1,0,2,5,0.6,1
1160,57,2026-08-11 04:14:09.066268,1,29,58.0,0,10.0,50.0,47.0,44.666666666666664,39.7,38.916666666666664,37.5,50.0,32.0,18.0,7.130334260514486,41.65166000000001,45.125,6.0,15.0,8.083333333333336,15.0,4.999999999999995,4.750000000000001,4,0,0,6,0.0,0.0,0,6,7,6,1,4,6,3.65,2.3233790645905756,4.25,22.5,0.2553191489361702,1,2,3,0.5,35.0,41.0,38.833333333333336,0.0,0,1,0,2,6,0.6666666666666667,1
1162,58,2026-07-12 19:14:09.066318,1,32,64.0,0,23.0,57.5,57.5,57.5,57.5,57.5,57.5,57.5,57.5,0.0,0.0,57.5,57.5,0.0,0.0,0.0,0.0,0.0,0.0,0,0,0,1,0.0,0.0,0,1,2,1,1,1,1,0.0,0.0,2.1666666666666665,2.1666666666666665,0.31578947368421056,0,0,1,1.0,57.5,57.5,57.5,-2.0,1,0,0,1,1,0.0,1
1163,58,2026-07-17 05:14:09.066318,1,28,70.0,1,32.0,64.0,60.75,60.75,60.75,60.75,60.75,64.0,57.5,6.5,4.596194077712559,59.45,60.75,6.5,6.5,0.0,6.5,0.0,0.0,1,0,0,2,0.0,0.0,0,2,3,2,2,2,2,2.1666666666666665,0.0,4.416666666666667,6.583333333333333,0.26373626373626374,1,0,1,0.5,64.0,60.75,57.5,1.0,0,1,0,2,2,0.0,1
1164,58,2026-07-19 10:14:09.066318,1,23,76.67,1,28.0,70.0,67.0,63.833333333333336,63.833333333333336,63.833333333333336,64.0,70.0,57.5,12.5,6.251666444503684,62.615,65.375,6.0,12.5,3.1666666666666643,12.5,6.2499999999999964,6.2499999999999964,2,0,1,2,0.3333333333333333,0.3333333333333333,1,0,4,3,2,3,3,3.291666666666667,1.5909902576697321,2.2083333333333335,8.791666666666666,0.30638297872340425,1,1,1,0.3333333333333333,64.0,70.0,57.5,0.0,0,1,0,3,3,0.0,1
1165,58,2026-07-22 12:14:09.066318,1,25,83.33,1,23.0,76.67,73.33500000000001,70.22333333333334,67.0425,67.0425,67.0,76.67,57.5,19.17,8.200643775541854,66.8315,71.02250000000001,6.670000000000002,19.17,6.292500000000004,19.17,6.3349999999999955,6.3349999999999955,3,0,2,2,0.5,0.6666666666666666,2,0,5,4,2,4,4,2.930555555555556,1.287178582677518,3.0833333333333335,11.875,0.3106796116504854,1,2,1,0.25,64.0,73.33500000000001,57.5,0.0,0,1,0,3,4,0.25,1
1166,58,2026-07-29 16:14:09.066318,1,44,88.0,1,25.0,83.33,80.0,76.66666666666667,70.3,70.3,70.0,83.33,57.5,25.83,10.17322220341225,71.78105,77.17625000000001,6.659999999999997,25.83,9.700000000000003,25.83,6.6649999999999965,6.433000000000003,4,0,3,2,0.6,1.0,3,0,6,5,0,3,5,2.9687500000000004,1.05374936843705,7.166666666666667,19.041666666666668,0.24948024948024947,1,3,1,0.2,64.0,76.66666666666667,57.5,0.0,0,1,0,3,5,0.4,1
1167,58,2026-08-02 19:14:09.066318,1,36,90.0,1,44.0,88.0,85.66499999999999,82.66666666666667,76.4,73.25,73.33500000000001,88.0,57.5,30.5,11.61940445978192,76.64673499999999,82.588125,4.670000000000002,30.5,12.414999999999992,30.5,5.664999999999998,6.132999999999989,5,0,4,2,0.6666666666666666,1.0,4,0,7,6,1,2,6,3.8083333333333336,2.087412672824103,4.125,23.166666666666668,0.2482758620689655,1,4,1,0.16666666666666666,64.0,79.5,57.5,0.0,0,1,0,3,6,0.5,1
1168,58,2026-08-05 03:14:09.066318,1,34,85.0,1,36.0,90.0,89.0,87.11,81.6,75.64285714285714,76.67,90.0,57.5,32.5,12.352698374964765,80.6527145,86.2940625,2.0,32.5,13.357142857142861,32.5,3.335000000000009,5.133000000000004,6,0,5,2,0.7142857142857143,1.0,5,0,8,7,2,3,7,3.861111111111111,1.8715090959694256,2.3333333333333335,25.5,0.2641509433962264,1,5,1,0.14285714285714285,64.0,81.6,57.5,0.0,0,1,0,3,7,0.5714285714285714,1
1170,59,2026-05-12 14:14:09.066374,1,8,40.0,0,7.0,35.0,35.0,35.0,35.0,35.0,35.0,35.0,35.0,0.0,0.0,35.0,35.0,0.0,0.0,0.0,0.0,0.0,0.0,0,0,0,1,0.0,0.0,0,1,2,1,1,1,1,0.0,0.0,1.0833333333333333,1.0833333333333333,0.4800000000000001,0,0,1,1.0,35.0,35.0,35.0,0.0,0,0,1,1,1,0.0,1
1171,59,2026-05-14 00:14:09.066374,1,21,42.0,0,8.0,40.0,37.5,37.5,37.5,37.5,37.5,40.0,35.0,5.0,3.5355339059327378,36.5,37.5,5.0,5.0,0.0,5.0,0.0,0.0,1,0,0,2,0.0,0.0,0,2,3,2,2,2,2,1.0833333333333333,0.0,1.4166666666666667,2.5,0.5714285714285714,0,0,2,1.0,37.5,37.5,37.5,-2.0,1,0,0,2,2,0.0,1
1172,59,2026-05-15 01:14:09.066374,1,13,43.33,0,21.0,42.0,41.0,39.0,39.0,39.0,40.0,42.0,35.0,7.0,3.605551275463989,38.15,39.75,2.0,7.0,2.0,7.0,3.4999999999999982,3.4999999999999982,2,0,0,3,0.0,0.0,0,3,4,3,3,3,3,1.25,0.23570226039551595,1.0416666666666667,3.5416666666666665,0.6605504587155964,1,0,2,0.6666666666666666,42.0,39.0,37.5,1.0,0,1,0,3,3,0.0,1
1173,59,2026-05-17 08:14:09.066374,1,14,46.67,0,13.0,43.33,42.665,41.776666666666664,40.082499999999996,40.082499999999996,41.0,43.33,35.0,8.329999999999998,3.6542976981448385,39.70399999999999,41.54,1.3299999999999983,8.329999999999998,2.582500000000003,8.329999999999998,1.6650000000000005,1.6650000000000005,3,0,0,4,0.0,0.0,0,4,5,4,4,4,4,1.1805555555555556,0.20553678592984367,2.2916666666666665,5.833333333333333,0.5853658536585367,1,1,2,0.5,42.0,43.33,37.5,0.0,0,1,0,3,4,0.25,1
1174,59,2026-05-21 11:14:09.066374,1,10,50.0,0,14.0,46.67,45.0,44.0,41.4,41.4,42.0,46.67,35.0,11.670000000000002,4.3237078994770215,41.79379999999999,44.105000000000004,3.3400000000000034,11.670000000000002,3.6000000000000014,11.670000000000002,2.3349999999999973,2.6669999999999994,4,0,0,5,0.0,0.0,0,5,6,5,2,5,5,1.4583333333333335,0.5803495115493382,4.125,9.958333333333334,0.4562737642585551,1,2,2,0.4,42.0,45.0,37.5,0.0,0,1,0,3,5,0.4,1
1175,59,2026-05-22 12:14:09.066374,1,25,50.0,0,10.0,50.0,48.335,46.666666666666664,44.4,42.833333333333336,42.665,50.0,35.0,15.0,5.223239097214167,44.25565999999999,47.0525,3.3299999999999983,15.0,5.501666666666665,15.0,3.334999999999993,2.4669999999999987,5,0,0,6,0.0,0.0,0,6,7,6,2,6,6,1.9916666666666667,1.2941508369926935,1.0416666666666667,11.0,0.5,1,3,2,0.3333333333333333,42.0,46.666666666666664,37.5,0.0,0,1,0,3,6,0.5,1
1177,60,2026-03-21 03:14:09.066423,1,31,62.0,0,25.0,50.0,50.0,50.0,50.0,50.0,50.0,50.0,50.0,0.0,0.0,50.0,50.0,0.0,0.0,0.0,0.0,0.0,0.0,0,0,0,1,0.0,0.0,0,1,2,1,1,1,1,0.0,0.0,4.291666666666667,4.291666666666667,0.1889763779527559,0,0,1,1.0,50.0,50.0,50.0,-1.0,0,1,0,1,1,0.0,1
1178,60,2026-03-22 05:14:09.066423,1,15,60.0,0,31.0,62.0,56.0,56.0,56.0,56.0,56.0,62.0,50.0,12.0,8.48528137423857,53.599999999999994,56.0,12.0,12.0,0.0,12.0,0.0,0.0,1,0,0,2,0.0,0.0,0,2,3,2,2,2,2,4.291666666666667,0.0,1.0833333333333333,5.375,0.3137254901960784,0,1,1,0.5,56.0,62.0,50.0,0.0,0,1,0,2,2,0.0,1
1179,60,2026-03-24 08:14:09.066423,1,16,64.0,0,15.0,60.0,61.0,57.333333333333336,57.333333333333336,57.333333333333336,60.0,62.0,50.0,12.0,6.429100507328637,55.519999999999996,58.0,-2.0,10.0,3.6666666666666643,10.0,4.999999999999993,4.999999999999993,0,1,0,3,0.0,0.0,0,3,4,3,2,3,3,2.6875,2.2686342563068402,2.125,7.5,0.35294117647058826,0,2,1,0.3333333333333333,57.333333333333336,61.0,50.0,0.0,0,1,0,2,3,0.33333333333333337,1
1180,60,2026-03-26 15:14:09.066423,1,17,68.0,0,16.0,64.0,62.0,62.0,59.0,59.0,61.0,64.0,50.0,14.0,6.2182527020592095,58.06399999999999,61.0,4.0,14.0,3.0,14.0,0.9999999999999986,0.9999999999999986,1,0,0,4,0.0,0.0,0,4,5,4,3,4,4,2.5,1.6367099451168632,2.2916666666666665,9.791666666666666,0.3706563706563707,0,3,1,0.25,59.0,62.0,50.0,-1.0,1,0,0,2,4,0.5,1
1181,60,2026-03-28 22:14:09.066423,1,21,70.0,1,17.0,68.0,66.0,64.0,60.8,60.8,62.0,68.0,50.0,18.0,6.723094525588644,61.04479999999999,64.5,4.0,18.0,5.200000000000003,18.0,3.999999999999991,3.7999999999999967,2,0,0,5,0.0,0.0,0,5,6,5,3,5,5,2.4479166666666665,1.3404216963605424,2.2916666666666665,12.083333333333334,0.38216560509554137,1,3,1,0.2,68.0,62.0,50.0,0.0,1,0,0,2,5,0.6,1
1183,61,2026-04-15 06:14:09.066467,1,10,40.0,0,16.0,40.0,40.0,40.0,40.0,40.0,40.0,40.0,40.0,0.0,0.0,40.0,40.0,0.0,0.0,0.0,0.0,0.0,0.0,0,0,0,1,0.0,0.0,0,1,2,1,0,1,1,0.0,0.0,7.291666666666667,7.291666666666667,0.12060301507537687,1,0,0,0.0,40.0,40.0,40.0,1.0,0,1,0,1,1,0.0,1
1184,61,2026-04-18 12:14:09.066467,1,12,48.0,0,10.0,40.0,40.0,40.0,40.0,40.0,40.0,40.0,40.0,0.0,0.0,40.0,40.0,0.0,0.0,0.0,0.0,0.0,0.0,0,0,0,2,0.0,0.0,0,2,3,2,1,2,2,7.291666666666667,0.0,3.25,10.541666666666666,0.1732851985559567,1,1,0,0.0,40.0,40.0,40.0,0.0,0,1,0,2,2,0.0,1
1185,61,2026-04-22 20:14:09.066467,1,26,52.0,0,12.0,48.0,44.0,42.666666666666664,42.666666666666664,42.666666666666664,40.0,48.0,40.0,8.0,4.618802153517007,42.4,44.0,8.0,8.0,1.3333333333333357,8.0,3.999999999999996,3.999999999999996,1,0,0,3,0.0,0.0,0,3,4,3,1,2,3,5.270833333333334,2.85788990729563,4.333333333333333,14.875,0.1889763779527559,1,2,0,0.0,40.0,44.0,42.666666666666664,0.0,0,1,0,2,3,0.33333333333333337,1
1186,61,2026-04-26 21:14:09.066467,1,22,55.0,0,26.0,52.0,50.0,46.666666666666664,45.0,45.0,44.0,52.0,40.0,12.0,6.0,45.279999999999994,48.0,4.0,12.0,5.0,12.0,5.999999999999994,5.999999999999994,2,0,0,4,0.0,0.0,0,4,5,4,1,3,4,4.958333333333333,2.0920650351055325,4.041666666666667,18.916666666666668,0.200836820083682,1,3,0,0.0,40.0,46.666666666666664,45.0,-1.0,1,0,0,2,4,0.5,1
1187,61,2026-04-28 05:14:09.066467,1,21,52.5,0,22.0,55.0,53.5,51.666666666666664,47.0,47.0,48.0,55.0,40.0,15.0,6.855654600401044,48.196,51.5,3.0,15.0,6.5,15.0,3.4999999999999982,4.199999999999997,3,0,0,5,0.0,0.0,0,5,6,5,2,4,5,4.729166666666667,1.7685851742334942,1.3333333333333333,20.25,0.23529411764705882,2,3,0,0.0,47.5,46.666666666666664,47.0,1.0,0,1,0,2,5,0.6,1
1188,61,2026-05-02 08:14:09.066467,1,15,60.0,0,21.0,52.5,53.75,53.166666666666664,49.5,47.916666666666664,50.0,55.0,40.0,15.0,6.530058703156248,49.487199999999994,52.0,-2.5,12.5,5.833333333333336,12.5,0.24999999999999806,3.2,0,1,0,6,0.0,0.0,0,6,7,6,2,4,6,4.05,2.1569091182626225,4.125,24.375,0.23645320197044334,2,4,0,0.0,47.5,48.125,47.916666666666664,0.0,0,1,0,2,6,0.6666666666666667,1
1189,61,2026-05-03 12:14:09.066467,1,27,67.5,0,15.0,60.0,56.25,55.833333333333336,53.5,49.642857142857146,52.0,60.0,40.0,20.0,7.50951777032701,52.64104,56.0,7.5,20.0,6.607142857142854,20.0,2.4999999999999996,2.4499999999999944,1,0,0,7,0.0,0.0,0,7,8,7,3,4,7,4.0625,1.9294411251851031,1.1666666666666667,25.541666666666668,0.26373626373626374,2,5,0,0.0,47.5,50.5,49.642857142857146,-1.0,1,0,0,2,7,0.7142857142857143,1
1191,62,2026-06-15 09:14:09.066522,1,9,45.0,0,14.0,56.0,56.0,56.0,56.0,56.0,56.0,56.0,56.0,0.0,0.0,56.0,56.0,0.0,0.0,0.0,0.0,0.0,0.0,0,0,0,1,0.0,0.0,0,1,2,1,1,1,1,0.0,0.0,2.375,2.375,0.2962962962962963,0,1,0,0.0,56.0,56.0,56.0,1.0,0,0,1,1,1,0.0,1
1192,62,2026-06-16 19:14:09.066522,1,24,48.0,0,9.0,45.0,50.5,50.5,50.5,50.5,50.5,56.0,45.0,11.0,7.7781745930520225,52.699999999999996,50.5,-11.0,-11.0,0.0,-11.0,0.0,0.0,0,1,0,2,0.0,0.0,0,2,3,2,2,2,2,2.375,0.0,1.4166666666666667,3.7916666666666665,0.4173913043478261,0,1,1,0.5,50.5,56.0,45.0,0.0,0,0,1,1,2,0.5,1
1193,62,2026-06-19 20:14:09.066522,1,26,52.0,0,24.0,48.0,46.5,49.666666666666664,49.666666666666664,49.666666666666664,48.0,56.0,45.0,11.0,5.686240703077327,51.28999999999999,49.25,3.0,-8.0,-3.1666666666666643,-8.0,-3.999999999999998,-3.999999999999998,1,0,0,3,0.0,0.0,0,3,4,3,3,3,3,1.8958333333333335,0.677643998637108,3.0416666666666665,6.833333333333333,0.3829787234042553,0,1,2,0.6666666666666666,49.666666666666664,56.0,46.5,0.0,0,0,1,1,3,0.6666666666666667,1
1194,62,2026-06-21 05:14:09.066522,1,15,60.0,0,26.0,52.0,50.0,48.333333333333336,50.25,50.25,50.0,56.0,45.0,11.0,4.7871355387816905,51.50299999999999,50.625,4.0,-4.0,-0.25,-4.0,3.5000000000000018,3.5000000000000018,2,0,0,4,0.0,0.0,0,4,5,4,3,4,4,2.277777777777778,0.8168508862518117,1.375,8.208333333333334,0.43438914027149317,0,1,3,0.75,50.25,56.0,48.333333333333336,0.0,0,0,1,1,4,0.75,1
1195,62,2026-06-26 13:14:09.066522,1,16,64.0,0,15.0,60.0,56.0,53.333333333333336,52.2,52.2,52.0,60.0,45.0,15.0,6.016643582596529,54.052099999999996,55.3125,8.0,4.0,3.799999999999997,4.0,6.000000000000004,1.4999999999999967,3,0,0,5,0.0,0.0,0,5,6,5,2,5,5,2.0520833333333335,0.8053459976469279,5.333333333333333,13.541666666666666,0.34383954154727797,0,1,4,0.8,52.2,56.0,51.25,-1.0,0,1,0,2,5,0.6,1
1196,62,2026-06-28 20:14:09.066522,1,32,64.0,0,16.0,64.0,62.0,58.666666666666664,53.8,54.166666666666664,54.0,64.0,45.0,19.0,7.222649560006817,57.036469999999994,59.65625,4.0,8.0,7.833333333333336,8.0,6.000000000000002,4.999999999999999,4,0,0,6,0.0,0.0,0,6,7,6,1,5,6,2.7083333333333335,1.6247328840287698,2.2916666666666665,15.833333333333334,0.35643564356435636,0,2,4,0.6666666666666666,54.166666666666664,60.0,51.25,1.0,0,0,1,2,6,0.6666666666666667,1
1197,62,2026-06-30 23:14:09.066522,1,15,75.0,1,32.0,64.0,64.0,62.666666666666664,57.6,55.57142857142857,56.0,64.0,45.0,19.0,7.568732673685489,59.125528999999986,61.828125,0.0,8.0,8.42857142857143,8.0,1.999999999999991,4.399999999999997,0,0,0,7,0.0,0.0,0,7,8,7,2,4,7,2.638888888888889,1.4631270419005795,2.125,17.958333333333332,0.36923076923076925,0,2,5,0.7142857142857143,55.57142857142857,60.0,53.8,-1.0,0,1,0,2,7,0.7142857142857143,1
1198,62,2026-07-02 06:14:09.066522,1,20,80.0,1,15.0,75.0,69.5,67.66666666666667,63.0,58.0,58.0,75.0,45.0,30.0,9.812528434899656,63.88787029999999,68.4140625,11.0,19.0,11.5,19.0,5.4999999999999964,4.999999999999995,1,0,1,7,0.125,0.3333333333333333,1,0,9,8,3,5,8,2.5654761904761907,1.3496949978797386,1.2916666666666667,19.25,0.3950617283950617,0,3,5,0.625,58.0,65.0,53.8,0.0,0,1,0,2,8,0.75,1
1200,63,2026-06-29 09:14:09.066581,1,22,55.0,0,11.0,55.0,55.0,55.0,55.0,55.0,55.0,55.0,55.0,0.0,0.0,55.0,55.0,0.0,0.0,0.0,0.0,0.0,0.0,0,0,0,1,0.0,0.0,0,1,2,1,1,1,1,0.0,0.0,1.25,1.25,0.4444444444444444,1,0,0,0.0,55.0,55.0,55.0,1.0,0,1,0,1,1,0.0,1
1201,63,2026-06-30 19:14:09.066581,1,34,68.0,0,22.0,55.0,55.0,55.0,55.0,55.0,55.0,55.0,55.0,0.0,0.0,55.0,55.0,0.0,0.0,0.0,0.0,0.0,0.0,0,0,0,2,0.0,0.0,0,2,3,2,2,2,2,1.25,0.0,1.4166666666666667,2.6666666666666665,0.5454545454545455,1,1,0,0.0,55.0,55.0,55.0,-1.0,1,0,0,2,2,0.0,1
1202,63,2026-07-02 04:14:09.066581,1,31,62.0,0,34.0,68.0,61.5,59.333333333333336,59.333333333333336,59.333333333333336,55.0,68.0,55.0,13.0,7.505553499465135,58.9,61.5,13.0,13.0,2.1666666666666643,13.0,6.500000000000001,6.500000000000001,1,0,0,3,0.0,0.0,0,3,4,3,3,3,3,1.3333333333333335,0.11785113019775798,1.375,4.041666666666667,0.5950413223140496,2,1,0,0.0,61.5,55.0,59.333333333333336,2.0,0,0,1,2,3,0.33333333333333337,1
1203,63,2026-07-09 06:14:09.066581,1,19,63.33,0,31.0,62.0,65.0,61.666666666666664,60.0,60.0,58.5,68.0,55.0,13.0,6.27162924074226,59.83,61.75,-6.0,7.0,5.0,7.0,3.5000000000000018,3.5000000000000018,0,1,0,4,0.0,0.0,0,4,5,4,0,4,4,1.3472222222222223,0.0867360833110889,7.083333333333333,11.125,0.32989690721649484,2,1,1,0.25,61.5,55.0,62.0,0.0,0,0,1,3,4,0.25,1
1204,63,2026-07-11 11:14:09.066581,1,22,73.33,1,19.0,63.33,62.665,64.44333333333333,60.666,60.666,62.0,68.0,55.0,13.0,5.631854046404256,60.879999999999995,62.54,1.3299999999999983,8.329999999999998,1.9990000000000023,8.329999999999998,-2.3350000000000035,2.3659999999999948,1,0,0,5,0.0,0.0,0,5,6,5,1,5,5,2.78125,2.8689297833603127,2.2083333333333335,13.333333333333334,0.3488372093023256,2,1,2,0.4,61.5,55.0,62.665,-2.0,1,0,0,3,5,0.4,1
1205,63,2026-07-15 18:14:09.066581,1,22,73.33,1,22.0,73.33,68.33,66.22,64.332,62.776666666666664,62.665,73.33,55.0,18.33,7.218289732801438,64.615,67.935,10.0,18.33,5.553333333333335,18.33,5.664999999999992,3.1989999999999945,2,0,1,5,0.16666666666666666,0.3333333333333333,1,0,7,6,2,3,6,2.666666666666667,2.4977420358751576,4.291666666666667,17.625,0.3221476510067114,3,1,2,0.3333333333333333,65.44333333333333,55.0,62.665,1.0,0,1,0,3,6,0.5,1
1207,64,2026-05-10 03:14:09.066629,1,8,26.67,0,10.0,33.33,33.33,33.33,33.33,33.33,33.33,33.33,33.33,0.0,0.0,33.33,33.33,0.0,0.0,0.0,0.0,0.0,0.0,0,0,0,1,0.0,0.0,0,1,2,1,1,1,1,0.0,0.0,2.2916666666666665,2.2916666666666665,0.3037974683544304,0,1,0,0.0,33.33,33.33,33.33,1.0,0,0,1,1,1,0.0,1
1208,64,2026-05-12 09:14:09.066629,1,6,30.0,0,8.0,26.67,30.0,30.0,30.0,30.0,30.0,33.33,26.67,6.659999999999997,4.709331162702404,31.331999999999994,30.0,-6.659999999999997,-6.659999999999997,0.0,-6.659999999999997,0.0,0.0,0,1,0,2,0.0,0.0,0,2,3,2,2,2,2,2.2916666666666665,0.0,2.25,4.541666666666667,0.3609022556390977,0,1,1,0.5,30.0,33.33,26.67,0.0,0,0,1,1,2,0.5,1
1209,64,2026-05-13 10:14:09.066629,1,9,36.0,0,6.0,30.0,28.335,30.0,30.0,30.0,30.0,33.33,26.67,6.659999999999997,3.3299999999999983,30.932399999999994,30.0,3.3299999999999983,-3.3299999999999983,-1.6649999999999991,-3.3299999999999983,-1.6649999999999956,-1.6649999999999956,1,0,0,3,0.0,0.0,0,3,4,3,3,3,3,2.270833333333333,0.029462782549439376,1.0416666666666667,5.583333333333333,0.4556962025316456,0,1,2,0.6666666666666666,30.0,33.33,28.335,-1.0,0,1,0,1,3,0.6666666666666667,1
1210,64,2026-05-20 14:14:09.066629,1,17,42.5,0,9.0,36.0,33.0,30.89,31.5,31.5,31.665,36.0,26.67,9.329999999999998,4.048777593298993,32.452679999999994,33.0,6.0,2.6700000000000017,1.5,2.6700000000000017,4.664999999999997,4.664999999999997,2,0,0,4,0.0,0.0,0,4,5,4,0,4,4,1.861111111111111,0.7099654399517809,7.166666666666667,12.75,0.2909090909090909,0,2,2,0.5,31.5,34.665,28.335,-1.0,1,0,0,1,4,0.75,1
1211,64,2026-05-21 19:14:09.066629,1,14,46.67,0,17.0,42.5,39.25,36.166666666666664,33.7,33.7,33.33,42.5,26.67,15.829999999999998,6.041063648067284,35.466876,37.75,6.5,9.170000000000002,5.549999999999997,9.170000000000002,6.250000000000003,2.767000000000001,3,0,0,5,0.0,0.0,0,5,6,5,1,5,5,3.1875,2.715375460021853,1.2083333333333333,13.958333333333334,0.3342618384401114,1,2,2,0.4,42.5,34.665,28.335,0.0,1,0,0,2,5,0.6,1
1212,64,2026-05-24 04:14:09.066629,1,26,52.0,0,14.0,46.67,44.585,41.723333333333336,36.36800000000001,35.86166666666667,34.665,46.67,26.67,20.0,7.565208302926409,38.827813199999994,42.21,4.170000000000002,13.340000000000003,8.72333333333333,13.340000000000003,5.334999999999997,5.249999999999997,4,0,0,6,0.0,0.0,0,6,7,6,2,4,6,2.791666666666667,2.512641648853962,2.375,16.333333333333332,0.3461538461538462,2,2,2,0.3333333333333333,44.585,34.665,28.335,0.0,1,0,0,2,6,0.6666666666666667,1
1213,64,2026-05-28 06:14:09.066629,1,10,50.0,0,26.0,52.0,49.335,47.05666666666667,41.434000000000005,38.167142857142856,36.0,52.0,26.67,25.33,9.214129935929408,42.77946924,47.105000000000004,5.329999999999998,18.67,11.167857142857144,18.67,4.7499999999999964,5.466999999999997,5,0,0,7,0.0,0.0,0,7,8,7,2,3,7,2.7222222222222228,2.2538033697795448,4.083333333333333,20.416666666666668,0.32684824902723736,3,2,2,0.2857142857142857,47.05666666666667,34.665,28.335,1.0,0,1,0,2,7,0.7142857142857143,1
1214,64,2026-06-01 09:14:09.066629,1,10,50.0,0,10.0,50.0,51.0,49.55666666666667,45.434000000000005,39.64625,39.25,52.0,26.67,25.33,9.501244937224955,44.945628467999995,48.5525,-2.0,16.67,11.353749999999998,16.67,1.6649999999999971,3.749999999999999,0,1,0,8,0.0,0.0,0,8,9,8,1,4,8,2.916666666666667,2.120774666291821,4.125,24.541666666666668,0.3132137030995106,3,3,2,0.25,47.05666666666667,39.776666666666664,28.335,0.0,0,1,0,3,8,0.625,1
1216,65,2026-05-29 19:14:09.066688,1,8,40.0,0,7.0,28.0,28.0,28.0,28.0,28.0,28.0,28.0,28.0,0.0,0.0,28.0,28.0,0.0,0.0,0.0,0.0,0.0,0.0,0,0,0,1,0.0,0.0,0,1,2,1,1,1,1,0.0,0.0,1.125,1.125,0.47058823529411764,0,0,1,1.0,28.0,28.0,28.0,-1.0,0,1,0,1,1,0.0,1
1217,65,2026-06-04 01:14:09.066688,1,8,40.0,0,8.0,40.0,34.0,34.0,34.0,34.0,34.0,40.0,28.0,12.0,8.48528137423857,31.599999999999998,34.0,12.0,12.0,0.0,12.0,0.0,0.0,1,0,0,2,0.0,0.0,0,2,3,2,2,2,2,1.125,0.0,5.25,6.375,0.2711864406779661,0,1,1,0.5,34.0,40.0,28.0,0.0,0,1,0,1,2,0.5,1
1218,65,2026-06-09 07:14:09.066688,1,16,40.0,0,8.0,40.0,40.0,36.0,36.0,36.0,40.0,40.0,28.0,12.0,6.928203230275509,34.12,37.0,0.0,12.0,4.0,12.0,6.0,6.0,0,0,0,3,0.0,0.0,0,3,4,3,1,3,3,3.1875,2.9168154723945086,5.25,11.625,0.2376237623762376,0,2,1,0.3333333333333333,36.0,40.0,28.0,1.0,0,0,1,2,3,0.33333333333333337,1
1219,65,2026-06-10 16:14:09.066688,1,20,50.0,0,16.0,40.0,40.0,40.0,37.0,37.0,40.0,40.0,28.0,12.0,6.0,35.884,38.5,0.0,12.0,3.0,12.0,3.17764371615651e-15,3.17764371615651e-15,0,0,0,4,0.0,0.0,0,4,5,4,2,4,4,3.875,2.381569860407206,1.375,13.0,0.2857142857142857,0,2,2,0.5,37.0,40.0,34.0,-1.0,0,1,0,2,4,0.5,1
1220,65,2026-06-15 22:14:09.066688,1,19,47.5,0,20.0,50.0,45.0,43.333333333333336,39.6,39.6,40.0,50.0,28.0,22.0,7.797435475847171,40.1188,44.25,10.0,22.0,5.399999999999999,22.0,4.999999999999999,4.4,1,0,0,5,0.0,0.0,0,5,6,5,2,3,5,3.25,2.311655251113366,5.25,18.25,0.2597402597402597,0,3,2,0.4,39.6,43.333333333333336,34.0,1.0,0,0,1,2,5,0.6,1
1222,66,2026-07-12 12:14:09.066732,1,9,45.0,0,9.0,36.0,36.0,36.0,36.0,36.0,36.0,36.0,36.0,0.0,0.0,36.0,36.0,0.0,0.0,0.0,0.0,0.0,0.0,0,0,0,1,0.0,0.0,0,1,2,1,0,1,1,0.0,0.0,7.375,7.375,0.11940298507462686,0,1,0,0.0,36.0,36.0,36.0,-1.0,1,0,0,1,1,0.0,1
1223,66,2026-07-16 21:14:09.066732,1,7,35.0,0,9.0,45.0,40.5,40.5,40.5,40.5,40.5,45.0,36.0,9.0,6.363961030678928,38.7,40.5,9.0,9.0,0.0,9.0,0.0,0.0,1,0,0,2,0.0,0.0,0,2,3,2,1,2,2,7.375,0.0,4.375,11.75,0.1568627450980392,1,1,0,0.0,45.0,36.0,40.5,2.0,0,0,1,2,2,0.0,1
1224,66,2026-07-18 04:14:09.066732,1,15,50.0,0,7.0,35.0,40.0,38.666666666666664,38.666666666666664,38.666666666666664,36.0,45.0,35.0,10.0,5.507570547286102,37.59,37.75,-10.0,-1.0,1.3333333333333357,-1.0,-0.5000000000000024,-0.5000000000000024,0,1,0,3,0.0,0.0,0,3,4,3,2,3,3,5.875,2.1213203435596424,1.2916666666666667,13.041666666666666,0.2136498516320475,1,1,1,0.3333333333333333,45.0,36.0,35.0,-1.0,0,1,0,2,3,0.33333333333333337,1
1225,66,2026-07-25 07:14:09.066732,1,25,50.0,0,15.0,50.0,42.5,43.333333333333336,41.5,41.5,40.5,50.0,35.0,15.0,7.234178138070235,41.313,43.875,15.0,14.0,1.0,14.0,2.4999999999999964,2.4999999999999964,1,0,0,4,0.0,0.0,0,4,5,4,0,3,4,4.347222222222222,3.0417617945550592,7.125,20.166666666666668,0.1889763779527559,1,2,1,0.25,45.0,43.0,35.0,0.0,0,1,0,2,4,0.5,1
1226,66,2026-07-27 09:14:09.066732,1,30,60.0,0,25.0,50.0,50.0,45.0,43.2,43.2,45.0,50.0,35.0,15.0,7.328028384224504,43.9191,46.9375,0.0,14.0,6.799999999999997,14.0,7.500000000000003,3.299999999999999,0,0,0,5,0.0,0.0,0,5,6,5,1,3,5,5.041666666666666,2.8455618464939785,2.0833333333333335,22.25,0.21505376344086022,1,3,1,0.2,45.0,45.333333333333336,35.0,0.0,0,1,0,3,5,0.4,1
1227,66,2026-07-28 13:14:09.066732,1,29,58.0,0,30.0,60.0,55.0,53.333333333333336,48.0,46.0,47.5,60.0,35.0,25.0,9.486832980505138,48.74337,53.46875,10.0,24.0,9.0,24.0,4.999999999999993,4.499999999999999,1,0,0,6,0.0,0.0,0,6,7,6,2,4,6,4.449999999999999,2.7970098120830555,1.1666666666666667,23.416666666666668,0.24573378839590443,1,4,1,0.16666666666666666,45.0,49.0,35.0,-1.0,1,0,0,3,6,0.5,1
1228,66,2026-07-29 17:14:09.066732,1,30,60.0,0,29.0,58.0,59.0,56.0,50.6,47.714285714285715,50.0,60.0,35.0,25.0,9.776064063386071,51.52035899999999,55.734375,-2.0,22.0,11.285714285714285,22.0,4.0000000000000036,5.6,0,1,0,7,0.0,0.0,0,7,8,7,3,5,7,3.9027777777777772,2.838190281512865,1.1666666666666667,24.583333333333332,0.2736156351791531,2,4,1,0.14285714285714285,51.5,49.0,35.0,1.0,0,1,0,3,7,0.5714285714285714,1
1229,66,2026-08-02 00:14:09.066732,1,20,66.67,0,30.0,60.0,59.0,59.333333333333336,55.6,49.25,50.0,60.0,35.0,25.0,10.039208847599213,54.064251299999995,57.8671875,2.0,24.0,9.75,24.0,-3.17764371615651e-15,2.799999999999998,1,0,0,8,0.0,0.0,0,8,9,8,3,4,8,3.511904761904762,2.789667016597512,3.2916666666666665,27.875,0.27705627705627706,2,5,1,0.125,51.5,51.2,35.0,-1.0,1,0,0,3,8,0.625,1
1231,67,2026-04-27 14:14:09.066796,1,22,44.0,0,11.0,44.0,44.0,44.0,44.0,44.0,44.0,44.0,44.0,0.0,0.0,44.0,44.0,0.0,0.0,0.0,0.0,0.0,0.0,0,0,0,1,0.0,0.0,0,1,2,1,0,1,1,0.0,0.0,7.416666666666667,7.416666666666667,0.11881188118811879,0,1,0,0.0,44.0,44.0,44.0,0.0,0,1,0,1,1,0.0,1
1232,67,2026-05-04 21:14:09.066796,1,10,40.0,0,22.0,44.0,44.0,44.0,44.0,44.0,44.0,44.0,44.0,0.0,0.0,44.0,44.0,0.0,0.0,0.0,0.0,0.0,0.0,0,0,0,2,0.0,0.0,0,2,3,2,0,1,2,7.416666666666667,0.0,7.291666666666667,14.708333333333334,0.1273209549071618,0,2,0,0.0,44.0,44.0,44.0,0.0,0,1,0,2,2,0.0,1
1233,67,2026-05-05 23:14:09.066796,1,24,48.0,0,10.0,40.0,42.0,42.666666666666664,42.666666666666664,42.666666666666664,44.0,44.0,40.0,4.0,2.309401076758503,42.8,42.0,-4.0,-4.0,-0.6666666666666643,-4.0,-1.9999999999999971,-1.9999999999999971,0,1,0,3,0.0,0.0,0,3,4,3,1,2,3,7.354166666666667,0.08838834764831845,1.0833333333333333,15.791666666666666,0.17866004962779158,0,3,0,0.0,42.666666666666664,42.666666666666664,42.666666666666664,0.0,0,1,0,2,3,0.33333333333333337,1
1234,67,2026-05-08 02:14:09.066796,1,16,40.0,0,24.0,48.0,44.0,44.0,44.0,44.0,44.0,48.0,40.0,8.0,3.265986323710904,44.36,45.0,8.0,4.0,0.0,4.0,1.999999999999994,1.999999999999994,1,0,0,4,0.0,0.0,0,4,5,4,2,3,4,5.263888888888889,3.6210067405094426,2.125,17.916666666666668,0.21145374449339205,0,4,0,0.0,44.0,44.0,44.0,1.0,0,0,1,2,4,0.5,1
1235,67,2026-05-10 09:14:09.066796,1,11,55.0,0,16.0,40.0,44.0,42.666666666666664,43.2,43.2,44.0,48.0,40.0,8.0,3.3466401061363023,43.05199999999999,42.5,-8.0,-4.0,0.7999999999999972,-4.0,-3.17764371615651e-15,-0.3999999999999999,0,1,0,5,0.0,0.0,0,5,6,5,3,4,5,4.479166666666667,3.347279851970464,2.2916666666666665,20.208333333333332,0.2357563850687623,0,4,1,0.2,43.2,44.0,40.0,-2.0,1,0,0,3,5,0.4,1
1236,67,2026-05-15 15:14:09.066796,1,26,52.0,0,11.0,55.0,47.5,47.666666666666664,45.4,45.166666666666664,44.0,55.0,40.0,15.0,5.671566509057851,46.636399999999995,48.75,15.0,11.0,2.3333333333333357,11.0,3.5000000000000018,2.199999999999996,1,0,0,6,0.0,0.0,0,6,7,6,1,4,6,4.041666666666667,3.059451430494617,5.25,25.458333333333332,0.22677165354330708,1,4,1,0.16666666666666666,55.0,44.0,40.0,1.0,0,1,0,3,6,0.5,1
1237,67,2026-05-19 18:14:09.066796,1,10,50.0,0,26.0,52.0,53.5,49.0,47.0,46.142857142857146,44.0,55.0,40.0,15.0,5.785861256216785,48.24547999999999,50.375,-3.0,8.0,7.357142857142854,8.0,5.999999999999998,3.0999999999999974,0,1,0,7,0.0,0.0,0,7,8,7,1,4,7,4.243055555555556,2.780564574299948,4.125,29.583333333333332,0.22888283378746596,1,5,1,0.14285714285714285,55.0,45.6,40.0,1.0,0,0,1,3,7,0.5714285714285714,1
1239,68,2026-04-16 07:14:09.066850,1,13,52.0,0,17.0,42.5,42.5,42.5,42.5,42.5,42.5,42.5,42.5,0.0,0.0,42.5,42.5,0.0,0.0,0.0,0.0,0.0,0.0,0,0,0,1,0.0,0.0,0,1,2,1,1,1,1,0.0,0.0,2.1666666666666665,2.1666666666666665,0.31578947368421056,0,0,1,1.0,42.5,42.5,42.5,-2.0,1,0,0,1,1,0.0,1
1240,68,2026-04-21 08:14:09.066850,1,31,62.0,0,13.0,52.0,47.25,47.25,47.25,47.25,47.25,52.0,42.5,9.5,6.7175144212722016,45.349999999999994,47.25,9.5,9.5,0.0,9.5,0.0,0.0,1,0,0,2,0.0,0.0,0,2,3,2,1,2,2,2.1666666666666665,0.0,5.041666666666667,7.208333333333333,0.24365482233502542,1,0,1,0.5,52.0,47.25,42.5,1.0,0,1,0,1,2,0.5,1
1241,68,2026-04-24 12:14:09.066850,1,13,65.0,0,31.0,62.0,57.0,52.166666666666664,52.166666666666664,52.166666666666664,52.0,62.0,42.5,19.5,9.75106831754005,50.34499999999999,54.625,10.0,19.5,4.833333333333336,19.5,9.749999999999995,9.749999999999995,2,0,0,3,0.0,0.0,0,3,4,3,1,3,3,3.604166666666667,2.0329319959113246,3.1666666666666665,10.375,0.26373626373626374,1,1,1,0.3333333333333333,52.0,62.0,42.5,1.0,0,0,1,2,3,0.33333333333333337,1
1242,68,2026-04-25 22:14:09.066850,1,13,65.0,0,13.0,65.0,63.5,59.666666666666664,55.375,55.375,57.0,65.0,42.5,22.5,10.22558066810878,54.741499999999995,59.8125,3.0,22.5,8.125,22.5,6.499999999999995,6.499999999999995,3,0,0,4,0.0,0.0,0,4,5,4,2,4,4,3.4583333333333335,1.4595233240114165,1.4166666666666667,11.791666666666666,0.3127035830618893,1,1,2,0.5,52.0,62.0,53.75,-1.0,0,1,0,2,4,0.5,1
1243,68,2026-04-27 07:14:09.066850,1,22,73.33,1,13.0,65.0,65.0,64.0,57.3,57.3,62.0,65.0,42.5,22.5,9.846319109189992,57.81905,62.40625,0.0,22.5,7.700000000000003,22.5,1.500000000000001,5.799999999999999,0,0,0,5,0.0,0.0,0,5,6,5,3,5,5,2.9479166666666665,1.5691525048042123,1.375,13.166666666666666,0.35294117647058826,1,2,2,0.4,52.0,63.5,53.75,0.0,0,1,0,2,5,0.6,1
1244,68,2026-04-29 08:14:09.066850,1,22,73.33,1,22.0,73.33,69.16499999999999,67.77666666666666,63.465999999999994,59.971666666666664,63.5,73.33,42.5,30.83,10.972092629333142,62.472335,67.86812499999999,8.329999999999998,30.83,9.193333333333328,30.83,4.165,4.565999999999998,1,0,1,5,0.16666666666666666,0.3333333333333333,1,0,7,6,3,5,6,2.6333333333333333,1.5301937967314976,2.0416666666666665,15.208333333333334,0.3701799485861182,1,3,2,0.3333333333333333,52.0,66.77666666666666,53.75,0.0,0,1,0,2,6,0.6666666666666667,1
1246,69,2026-03-18 04:14:09.066897,1,20,66.67,0,15.0,60.0,60.0,60.0,60.0,60.0,60.0,60.0,60.0,0.0,0.0,60.0,60.0,0.0,0.0,0.0,0.0,0.0,0.0,0,0,0,1,0.0,0.0,0,1,2,1,0,1,1,0.0,0.0,7.25,7.25,0.12121212121212122,0,1,0,0.0,60.0,60.0,60.0,-1.0,1,0,0,1,1,0.0,1
1247,69,2026-03-19 13:14:09.066897,1,26,65.0,0,20.0,66.67,63.335,63.335,63.335,63.335,63.335,66.67,60.0,6.670000000000002,4.716402230514273,62.001000000000005,63.335,6.670000000000002,6.670000000000002,0.0,6.670000000000002,0.0,0.0,1,0,0,2,0.0,0.0,0,2,3,2,1,2,2,7.25,0.0,1.375,8.625,0.2077922077922078,1,1,0,0.0,66.67,60.0,63.335,1.0,0,1,0,1,2,0.5,1
1248,69,2026-03-20 20:14:09.066897,1,34,68.0,0,26.0,65.0,65.83500000000001,63.89000000000001,63.89000000000001,63.89000000000001,65.0,66.67,60.0,6.670000000000002,3.4707780107635817,62.9007,64.1675,-1.6700000000000017,5.0,1.9450000000000003,5.0,2.4999999999999996,2.4999999999999996,0,1,0,3,0.0,0.0,0,3,4,3,2,3,3,4.3125,4.1542523394709665,1.2916666666666667,9.916666666666666,0.2748091603053435,1,2,0,0.0,66.67,62.5,63.89000000000001,0.0,0,1,0,1,3,0.6666666666666667,1
1249,69,2026-03-22 03:14:09.066897,1,21,70.0,1,34.0,68.0,66.5,66.55666666666667,64.9175,64.9175,65.83500000000001,68.0,60.0,8.0,3.5005559082332436,64.43048999999999,66.08375000000001,3.0,8.0,1.582499999999996,8.0,0.6650000000000017,0.6650000000000017,1,0,0,4,0.0,0.0,0,4,5,4,3,4,4,3.3055555555555554,3.4162431986895476,1.2916666666666667,11.208333333333334,0.32764505119453924,1,3,0,0.0,66.67,64.33333333333333,64.9175,-1.0,1,0,0,1,4,0.75,1
1250,69,2026-03-23 10:14:09.066897,1,19,76.0,1,21.0,70.0,69.0,67.66666666666667,65.934,65.934,66.67,70.0,60.0,10.0,3.789034177729201,66.10134299999999,68.041875,2.0,10.0,3.0660000000000025,10.0,2.4999999999999996,2.1329999999999956,2,0,1,4,0.2,0.3333333333333333,1,0,6,5,4,5,5,2.802083333333333,2.9655379797364354,1.2916666666666667,12.5,0.37037037037037035,2,3,0,0.0,68.33500000000001,64.33333333333333,65.934,0.0,1,0,0,1,5,0.8,1
1251,69,2026-03-30 15:14:09.066897,1,20,80.0,1,19.0,76.0,73.0,71.33333333333333,69.134,67.61166666666666,67.33500000000001,76.0,60.0,16.0,5.3266139964020915,69.07094009999999,72.0209375,6.0,16.0,5.388333333333335,16.0,3.999999999999998,2.3660000000000014,3,0,2,4,0.3333333333333333,0.6666666666666666,2,0,7,6,0,5,6,2.4999999999999996,2.6555758948546986,7.208333333333333,19.708333333333332,0.289738430583501,3,3,0,0.0,70.89,64.33333333333333,67.61166666666666,0.0,1,0,0,1,6,0.8333333333333334,1
1253,70,2026-03-19 04:14:09.066946,1,8,40.0,0,8.0,40.0,40.0,40.0,40.0,40.0,40.0,40.0,40.0,0.0,0.0,40.0,40.0,0.0,0.0,0.0,0.0,0.0,0.0,0,0,0,1,0.0,0.0,0,1,2,1,1,1,1,0.0,0.0,2.2083333333333335,2.2083333333333335,0.3116883116883117,0,1,0,0.0,40.0,40.0,40.0,0.0,0,1,0,1,1,0.0,1
1254,70,2026-03-26 11:14:09.066946,1,9,45.0,0,8.0,40.0,40.0,40.0,40.0,40.0,40.0,40.0,40.0,0.0,0.0,40.0,40.0,0.0,0.0,0.0,0.0,0.0,0.0,0,0,0,2,0.0,0.0,0,2,3,2,0,2,2,2.2083333333333335,0.0,7.291666666666667,9.5,0.19047619047619047,0,2,0,0.0,40.0,40.0,40.0,0.0,0,1,0,1,2,0.5,1
1255,70,2026-04-02 16:14:09.066946,1,14,46.67,0,9.0,45.0,42.5,41.666666666666664,41.666666666666664,41.666666666666664,40.0,45.0,40.0,5.0,2.8867513459481287,41.5,42.5,5.0,5.0,0.8333333333333357,5.0,2.4999999999999982,2.4999999999999982,1,0,0,3,0.0,0.0,0,3,4,3,0,1,3,4.75,3.5944594710316164,7.208333333333333,16.708333333333332,0.16941176470588237,0,3,0,0.0,41.666666666666664,41.666666666666664,41.666666666666664,1.0,0,0,1,2,3,0.33333333333333337,1
1256,70,2026-04-06 02:14:09.066946,1,27,54.0,0,14.0,46.67,45.835,43.89000000000001,42.917500000000004,42.917500000000004,42.5,46.67,40.0,6.670000000000002,3.4371342229634663,43.050999999999995,44.585,1.6700000000000017,6.670000000000002,2.917499999999997,6.670000000000002,3.3349999999999946,3.3349999999999946,2,0,0,4,0.0,0.0,0,4,5,4,1,2,4,5.569444444444444,2.911105810003655,3.4166666666666665,20.125,0.1893491124260355,0,3,1,0.25,42.917500000000004,41.666666666666664,46.67,-1.0,0,1,0,3,4,0.25,1
1257,70,2026-04-08 05:14:09.066946,1,15,60.0,0,27.0,54.0,50.335,48.55666666666667,45.134,45.134,45.0,54.0,40.0,14.0,5.7814167813780735,46.33569999999999,49.292500000000004,7.329999999999998,14.0,5.2010000000000005,14.0,4.499999999999994,3.4670000000000014,3,0,0,5,0.0,0.0,0,5,6,5,2,3,5,5.03125,2.6092727718941435,2.125,22.25,0.21505376344086022,0,4,1,0.2,45.134,44.75,46.67,-1.0,1,0,0,3,5,0.4,1
1258,70,2026-04-10 07:14:09.066946,1,17,56.67,0,15.0,60.0,57.0,53.55666666666667,49.134,47.61166666666667,45.835,60.0,40.0,20.0,7.973256340207975,50.43498999999999,54.64625,6.0,20.0,9.388333333333328,20.0,6.6649999999999965,4.899999999999996,4,0,0,6,0.0,0.0,0,6,7,6,2,3,6,4.45,2.6068153197169743,2.0833333333333335,24.333333333333332,0.2368421052631579,1,4,1,0.16666666666666666,60.0,44.75,46.67,1.0,0,1,0,3,6,0.5,1
1259,70,2026-04-17 14:14:09.066946,1,24,60.0,0,17.0,56.67,58.335,56.89000000000001,52.468,48.90571428571429,46.67,60.0,40.0,20.0,8.043585140020705,52.305493,55.658125,-3.3299999999999983,16.67,9.429285714285712,16.67,1.3350000000000017,3.6670000000000007,0,1,0,7,0.0,0.0,0,7,8,7,0,3,6,4.055555555555555,2.5238675494976768,7.291666666666667,31.625,0.21455938697318008,1,5,1,0.14285714285714285,60.0,47.134,46.67,0.0,0,1,0,3,7,0.5714285714285714,1
1261,71,2026-08-09 02:14:09.067039,1,18,60.0,0,19.0,47.5,47.5,47.5,47.5,47.5,47.5,47.5,47.5,0.0,0.0,47.5,47.5,0.0,0.0,0.0,0.0,0.0,0.0,0,0,0,1,0.0,0.0,0,1,2,1,1,1,1,0.0,0.0,1.4166666666666667,1.4166666666666667,0.4137931034482758,0,0,1,1.0,47.5,47.5,47.5,-1.0,0,1,0,1,1,0.0,1
1262,71,2026-08-11 04:14:09.067039,1,19,63.33,0,18.0,60.0,53.75,53.75,53.75,53.75,53.75,60.0,47.5,12.5,8.838834764831844,51.25,53.75,12.5,12.5,0.0,12.5,0.0,0.0,1,0,0,2,0.0,0.0,0,2,3,2,2,2,2,1.4166666666666667,0.0,2.0833333333333335,3.5,0.4444444444444444,0,1,1,0.5,53.75,60.0,47.5,0.0,0,1,0,1,2,0.5,1
1263,71,2026-08-18 10:14:09.067039,1,33,66.0,0,19.0,63.33,61.665,56.94333333333333,56.94333333333333,56.94333333333333,60.0,63.33,47.5,15.829999999999998,8.345935138337305,54.873999999999995,58.54,3.3299999999999983,15.829999999999998,4.721666666666671,15.829999999999998,7.915,7.915,2,0,0,3,0.0,0.0,0,3,4,3,0,3,3,1.75,0.47140452079103173,7.25,10.75,0.2553191489361702,0,2,1,0.3333333333333333,56.94333333333333,61.665,47.5,-1.0,1,0,0,2,3,0.33333333333333337,1
1264,71,2026-08-21 12:14:09.067039,1,16,64.0,0,33.0,66.0,64.66499999999999,63.10999999999999,59.207499999999996,59.207499999999996,61.665,66.0,47.5,18.5,8.181822840907763,58.2118,62.269999999999996,2.6700000000000017,18.5,5.457499999999996,18.5,2.99999999999999,2.99999999999999,3,0,0,4,0.0,0.0,0,4,5,4,1,4,4,3.5833333333333335,3.192874010111336,3.0833333333333335,13.833333333333334,0.2696629213483146,1,2,1,0.25,66.0,61.665,47.5,2.0,0,0,1,2,4,0.5,1
1265,71,2026-08-25 22:14:09.067039,1,15,75.0,1,16.0,64.0,65.0,64.44333333333333,60.166,60.166,63.33,66.0,47.5,18.5,7.402721121317485,59.94825999999999,63.135,-2.0,16.5,4.834000000000003,16.5,0.3349999999999905,3.900000000000002,0,1,0,5,0.0,0.0,0,5,6,5,1,2,5,3.4583333333333335,2.618930372555998,4.416666666666667,18.25,0.2597402597402597,1,2,2,0.4,66.0,61.665,55.75,-1.0,0,1,0,2,5,0.6,1
1266,71,2026-08-27 23:14:09.067039,1,17,85.0,1,15.0,75.0,69.5,68.33333333333333,65.666,62.63833333333333,63.665,75.0,47.5,27.5,8.973004885024118,64.46378199999998,69.0675,11.0,27.5,6.861666666666672,27.5,4.5000000000000036,3.0669999999999975,1,0,1,5,0.16666666666666666,0.3333333333333333,1,0,7,6,2,3,6,3.65,2.3081979503018752,2.0416666666666665,20.291666666666668,0.28180039138943247,1,3,2,0.3333333333333333,66.0,66.11,55.75,-1.0,1,0,0,2,6,0.6666666666666667,1
1267,71,2026-08-29 04:14:09.067039,1,17,85.0,1,17.0,85.0,80.0,74.66666666666667,70.666,65.83285714285714,64.0,85.0,47.5,37.5,11.769900472937616,70.62464739999999,77.03375,10.0,37.5,14.167142857142863,37.5,10.499999999999998,5.233999999999999,2,0,2,5,0.2857142857142857,0.6666666666666666,2,0,8,7,2,4,7,3.3819444444444446,2.166412912490924,1.2083333333333333,21.5,0.3111111111111111,2,3,2,0.2857142857142857,75.5,66.11,55.75,1.0,0,1,0,2,7,0.7142857142857143,1
1268,71,2026-08-31 09:14:09.067039,1,16,80.0,1,17.0,85.0,85.0,81.66666666666667,75.0,68.22874999999999,65.0,85.0,47.5,37.5,12.83210420056998,74.93725317999998,81.016875,0.0,37.5,16.77125000000001,37.5,4.999999999999999,5.899999999999993,0,0,3,5,0.375,1.0,3,0,9,8,3,5,8,3.0714285714285716,2.141509165970697,2.2083333333333335,23.708333333333332,0.3237774030354132,2,4,2,0.25,75.5,70.8325,55.75,1.0,0,0,1,3,8,0.625,1
1270,72,2026-03-31 10:14:09.067100,1,29,58.0,0,20.0,50.0,50.0,50.0,50.0,50.0,50.0,50.0,50.0,0.0,0.0,50.0,50.0,0.0,0.0,0.0,0.0,0.0,0.0,0,0,0,1,0.0,0.0,0,1,2,1,1,1,1,0.0,0.0,2.0416666666666665,2.0416666666666665,0.32876712328767127,0,0,1,1.0,50.0,50.0,50.0,0.0,0,0,1,1,1,0.0,1
1271,72,2026-04-02 19:14:09.067100,1,24,60.0,0,29.0,58.0,54.0,54.0,54.0,54.0,54.0,58.0,50.0,8.0,5.656854249492381,52.4,54.0,8.0,8.0,0.0,8.0,0.0,0.0,1,0,0,2,0.0,0.0,0,2,3,2,2,2,2,2.0416666666666665,0.0,2.375,4.416666666666667,0.3692307692307692,0,0,2,1.0,54.0,54.0,54.0,0.0,0,0,1,2,2,0.0,1
1272,72,2026-04-08 00:14:09.067100,1,32,64.0,0,24.0,60.0,59.0,56.0,56.0,56.0,58.0,60.0,50.0,10.0,5.291502622129181,54.68,57.0,2.0,10.0,3.0,10.0,4.999999999999999,4.999999999999999,2,0,0,3,0.0,0.0,0,3,4,3,1,3,3,2.208333333333333,0.23570226039551595,5.208333333333333,9.625,0.2823529411764706,0,0,3,1.0,56.0,56.0,56.0,-1.0,0,1,0,2,3,0.33333333333333337,1
1273,72,2026-04-13 09:14:09.067100,1,31,62.0,0,32.0,64.0,62.0,60.666666666666664,58.0,58.0,59.0,64.0,50.0,14.0,5.887840577551898,57.476,60.5,4.0,14.0,4.0,14.0,2.999999999999996,2.999999999999996,3,0,0,4,0.0,0.0,0,4,5,4,1,3,4,3.2083333333333335,1.740051084818425,5.375,15.0,0.25,0,1,3,0.75,58.0,64.0,56.0,1.0,0,0,1,2,4,0.5,1
1274,72,2026-04-18 13:14:09.067100,1,18,72.0,1,31.0,62.0,63.0,62.0,58.8,58.8,60.0,64.0,50.0,14.0,5.403702434442519,58.83319999999999,61.25,-2.0,12.0,4.200000000000003,12.0,0.9999999999999922,2.9999999999999973,0,1,0,5,0.0,0.0,0,5,6,5,1,2,5,3.75,1.7866531923206668,5.166666666666667,20.166666666666668,0.23622047244094488,0,1,4,0.8,58.8,64.0,57.5,-1.0,0,1,0,2,5,0.6,1
1275,72,2026-04-20 21:14:09.067100,1,28,70.0,1,18.0,72.0,67.0,66.0,63.2,61.0,61.0,72.0,50.0,22.0,7.238784428341543,62.78323999999999,66.625,10.0,22.0,6.0,22.0,4.0000000000000036,2.9999999999999987,1,0,1,5,0.16666666666666666,0.3333333333333333,1,0,7,6,1,3,6,4.033333333333333,1.6719707267506543,2.3333333333333335,22.5,0.2553191489361702,0,2,4,0.6666666666666666,61.0,68.0,57.5,-1.0,1,0,0,2,6,0.6666666666666667,1
1277,73,2026-05-21 05:14:09.067149,1,20,50.0,0,13.0,43.33,43.33,43.33,43.33,43.33,43.33,43.33,43.33,0.0,0.0,43.33,43.33,0.0,0.0,0.0,0.0,0.0,0.0,0,0,0,1,0.0,0.0,0,1,2,1,1,1,1,0.0,0.0,1.1666666666666667,1.1666666666666667,0.46153846153846145,1,0,0,0.0,43.33,43.33,43.33,1.0,0,1,0,1,1,0.0,1
1278,73,2026-05-22 07:14:09.067149,1,14,46.67,0,20.0,50.0,46.665,46.665,46.665,46.665,46.665,50.0,43.33,6.670000000000002,4.716402230514273,45.330999999999996,46.665,6.670000000000002,6.670000000000002,0.0,6.670000000000002,0.0,0.0,1,0,0,2,0.0,0.0,0,2,3,2,2,2,2,1.1666666666666667,0.0,1.0833333333333333,2.25,0.6153846153846154,1,1,0,0.0,43.33,50.0,46.665,1.0,0,0,1,2,2,0.0,1
1279,73,2026-05-29 14:14:09.067149,1,27,54.0,0,14.0,46.67,48.335,46.666666666666664,46.666666666666664,46.666666666666664,46.67,50.0,43.33,6.670000000000002,3.3350012493750794,45.732699999999994,46.667500000000004,-3.3299999999999983,3.3400000000000034,1.6683333333333366,3.3400000000000034,1.6700000000000053,1.6700000000000053,0,1,0,3,0.0,0.0,0,3,4,3,0,3,3,1.125,0.058925565098879064,7.291666666666667,9.541666666666666,0.2845849802371542,1,1,1,0.3333333333333333,43.33,50.0,46.67,-2.0,1,0,0,2,3,0.33333333333333337,1
1280,73,2026-06-01 20:14:09.067149,1,29,58.0,0,27.0,54.0,50.335,50.223333333333336,48.5,48.5,48.335,54.0,43.33,10.670000000000002,4.56719461668393,48.21288999999999,50.33375,7.329999999999998,10.670000000000002,1.8350000000000009,10.670000000000002,1.999999999999994,1.999999999999994,1,0,0,4,0.0,0.0,0,4,5,4,1,4,4,3.180555555555556,3.560570465113285,3.25,12.791666666666666,0.29003021148036257,2,1,1,0.25,48.665,50.0,46.67,0.0,1,0,0,2,4,0.5,1
1281,73,2026-06-05 06:14:09.067149,1,10,50.0,0,29.0,58.0,56.0,52.89000000000001,50.4,50.4,50.0,58.0,43.33,14.670000000000002,5.804692067629428,51.149022999999985,54.166875000000005,4.0,14.670000000000002,5.600000000000001,14.670000000000002,5.665000000000002,3.334,2,0,0,5,0.0,0.0,0,5,6,5,2,3,5,3.197916666666667,2.9074009568812613,3.4166666666666665,16.208333333333332,0.2905569007263923,3,1,1,0.2,51.776666666666664,50.0,46.67,2.0,0,0,1,2,5,0.6,1
1283,74,2026-06-15 19:14:09.067191,1,12,40.0,0,11.0,36.67,36.67,36.67,36.67,36.67,36.67,36.67,36.67,0.0,0.0,36.67,36.67,0.0,0.0,0.0,0.0,0.0,0.0,0,0,0,1,0.0,0.0,0,1,2,1,1,1,1,0.0,0.0,4.041666666666667,4.041666666666667,0.1983471074380165,0,1,0,0.0,36.67,36.67,36.67,0.0,0,1,0,1,1,0.0,1
1284,74,2026-06-16 20:14:09.067191,1,20,40.0,0,12.0,40.0,38.335,38.335,38.335,38.335,38.335,40.0,36.67,3.3299999999999983,2.354665581351202,37.669,38.335,3.3299999999999983,3.3299999999999983,0.0,3.3299999999999983,0.0,0.0,1,0,0,2,0.0,0.0,0,2,3,2,2,2,2,4.041666666666667,0.0,1.0416666666666667,5.083333333333333,0.32876712328767127,0,2,0,0.0,38.335,38.335,38.335,1.0,0,0,1,2,2,0.0,1
1285,74,2026-06-21 01:14:09.067191,1,9,45.0,0,20.0,40.0,40.0,38.89,38.89,38.89,40.0,40.0,36.67,3.3299999999999983,1.9225763964014528,38.3683,39.167500000000004,0.0,3.3299999999999983,1.1099999999999994,3.3299999999999983,1.6649999999999987,1.6649999999999987,0,0,0,3,0.0,0.0,0,3,4,3,2,3,3,2.541666666666667,2.121320343559643,4.208333333333333,9.291666666666666,0.29149797570850206,0,2,1,0.3333333333333333,38.89,38.335,40.0,-1.0,0,1,0,3,3,0.0,1
1286,74,2026-06-22 08:14:09.067191,1,13,43.33,0,9.0,45.0,42.5,41.666666666666664,40.417500000000004,40.417500000000004,40.0,45.0,36.67,8.329999999999998,3.4347088668473775,40.35781,42.08375,5.0,8.329999999999998,2.082499999999996,8.329999999999998,2.4999999999999982,2.4999999999999982,1,0,0,4,0.0,0.0,0,4,5,4,3,4,4,3.0972222222222228,1.7821127702606046,1.2916666666666667,10.583333333333334,0.3453237410071942,0,3,1,0.25,40.417500000000004,40.556666666666665,40.0,0.0,0,1,0,3,4,0.25,1
1287,74,2026-06-25 11:14:09.067191,1,14,46.67,0,13.0,43.33,44.165,42.776666666666664,41.0,41.0,40.0,45.0,36.67,8.329999999999998,3.247221889554207,41.249466999999996,42.706875,-1.6700000000000017,6.659999999999997,3.164999999999999,6.659999999999997,1.664999999999994,1.831999999999999,0,1,0,5,0.0,0.0,0,5,6,5,2,5,5,2.6458333333333335,1.7123935490028763,3.125,13.708333333333334,0.33994334277620397,0,4,1,0.2,41.0,41.25,40.0,0.0,0,1,0,3,5,0.4,1
1288,74,2026-07-02 15:14:09.067191,1,8,40.0,0,14.0,46.67,45.0,45.0,43.0,41.945,41.665,46.67,36.67,10.0,3.713988422168276,42.87562689999999,44.6884375,3.3400000000000034,10.0,3.0549999999999997,10.0,0.8350000000000026,1.6670000000000014,1,0,0,6,0.0,0.0,0,6,7,6,0,3,6,2.7416666666666667,1.4983787534828732,7.166666666666667,20.875,0.2742857142857143,0,5,1,0.16666666666666666,41.945,42.334,40.0,1.0,0,0,1,3,6,0.5,1
1289,74,2026-07-09 18:14:09.067191,1,13,43.33,0,8.0,40.0,43.335,43.333333333333336,43.0,41.667142857142856,40.0,46.67,36.67,10.0,3.469177204495394,42.012938829999996,42.344218749999996,-6.670000000000002,3.3299999999999983,1.6678571428571445,3.3299999999999983,-1.6650000000000036,0.16699999999999948,0,1,0,7,0.0,0.0,0,7,8,7,0,1,7,3.4791666666666665,2.2493440401839626,7.125,28.0,0.2413793103448276,0,5,2,0.2857142857142857,41.667142857142856,42.334,40.0,0.0,0,0,1,3,7,0.5714285714285714,1
1290,74,2026-07-12 00:14:09.067191,1,12,60.0,0,13.0,43.33,41.665,43.333333333333336,43.666,41.875,41.665,46.67,36.67,10.0,3.2651974344156103,42.40805718099999,42.837109375,3.3299999999999983,6.659999999999997,-0.21000000000000085,6.659999999999997,-1.6699999999999988,-0.6670000000000023,1,0,0,8,0.0,0.0,0,8,9,8,1,2,7,4.0,2.472885366740043,2.25,30.25,0.256,0,5,3,0.375,41.875,42.334,41.11,-1.0,0,1,0,3,8,0.625,1
1291,74,2026-07-13 05:14:09.067191,1,30,60.0,0,12.0,60.0,51.665,47.776666666666664,46.666,43.888888888888886,43.33,60.0,36.67,23.33,6.769827258587261,47.685640026699986,51.4185546875,16.67,23.33,7.776111111111113,23.33,9.999999999999998,2.9999999999999973,2,0,0,9,0.0,0.0,0,9,10,9,2,3,8,3.78125,2.3715775256814737,1.2083333333333333,31.458333333333332,0.27727856225930686,0,6,3,0.3333333333333333,43.888888888888886,45.278333333333336,41.11,0.0,0,1,0,3,9,0.6666666666666667,1
1293,75,2026-03-28 22:14:09.067293,1,10,33.33,0,11.0,36.67,36.67,36.67,36.67,36.67,36.67,36.67,36.67,0.0,0.0,36.67,36.67,0.0,0.0,0.0,0.0,0.0,0.0,0,0,0,1,0.0,0.0,0,1,2,1,1,1,1,0.0,0.0,1.0416666666666667,1.0416666666666667,0.48979591836734687,1,0,0,0.0,36.67,36.67,36.67,2.0,0,0,1,1,1,0.0,1
1294,75,2026-03-31 02:14:09.067293,1,12,40.0,0,10.0,33.33,35.0,35.0,35.0,35.0,35.0,36.67,33.33,3.3400000000000034,2.3617366491630714,35.668,35.0,-3.3400000000000034,-3.3400000000000034,0.0,-3.3400000000000034,0.0,0.0,0,1,0,2,0.0,0.0,0,2,3,2,2,2,2,1.0416666666666667,0.0,2.1666666666666665,3.2083333333333335,0.47524752475247517,1,0,1,0.5,36.67,35.0,33.33,-2.0,1,0,0,2,2,0.0,1
1295,75,2026-04-02 09:14:09.067293,1,12,40.0,0,12.0,40.0,36.665,36.666666666666664,36.666666666666664,36.666666666666664,36.67,40.0,33.33,6.670000000000002,3.335001249375079,36.9676,37.5,6.670000000000002,3.3299999999999983,-0.0016666666666651508,3.3299999999999983,1.6649999999999925,1.6649999999999925,1,0,0,3,0.0,0.0,0,3,4,3,3,3,3,1.6041666666666665,0.7954951288348658,2.2916666666666665,5.5,0.46153846153846156,2,0,1,0.3333333333333333,38.335,36.666666666666664,33.33,1.0,0,1,0,2,3,0.33333333333333337,1
1296,75,2026-04-07 15:14:09.067293,1,18,45.0,0,12.0,40.0,40.0,37.776666666666664,37.5,37.5,38.335,40.0,33.33,6.670000000000002,3.1925851593966925,37.87732,38.75,0.0,3.3299999999999983,2.5,3.3299999999999983,3.335000000000002,3.335000000000002,0,0,0,4,0.0,0.0,0,4,5,4,1,4,4,1.8333333333333333,0.6884463184107626,5.25,10.75,0.3404255319148936,2,1,1,0.25,38.335,40.0,33.33,0.0,0,1,0,3,4,0.25,1
1297,75,2026-04-15 01:14:09.067293,1,16,53.33,0,18.0,45.0,42.5,41.666666666666664,39.0,39.0,40.0,45.0,33.33,11.670000000000002,4.346774666347452,40.014123999999995,41.875,5.0,8.329999999999998,3.5,8.329999999999998,2.4999999999999982,2.3329999999999984,1,0,0,5,0.0,0.0,0,5,6,5,0,2,5,2.6875,1.79843682124227,7.416666666666667,18.166666666666668,0.2608695652173913,2,2,1,0.2,38.335,42.5,33.33,0.0,0,1,0,3,5,0.4,1
1298,75,2026-04-16 05:14:09.067293,1,16,53.33,0,16.0,53.33,49.165,46.10999999999999,42.331999999999994,41.38833333333333,40.0,53.33,33.33,20.0,7.0242705433850325,44.00888679999999,47.6025,8.329999999999998,16.659999999999997,7.776666666666671,16.659999999999997,6.665,4.499999999999998,2,0,0,6,0.0,0.0,0,6,7,6,1,3,6,3.6333333333333337,2.626553772954634,1.1666666666666667,19.333333333333332,0.29508196721311475,2,3,1,0.16666666666666666,38.335,46.10999999999999,33.33,1.0,0,0,1,3,6,0.5,1
1300,76,2026-04-18 22:14:09.067341,1,10,50.0,0,12.0,40.0,40.0,40.0,40.0,40.0,40.0,40.0,40.0,0.0,0.0,40.0,40.0,0.0,0.0,0.0,0.0,0.0,0.0,0,0,0,1,0.0,0.0,0,1,2,1,1,1,1,0.0,0.0,1.375,1.375,0.42105263157894735,0,0,1,1.0,40.0,40.0,40.0,-2.0,1,0,0,1,1,0.0,1
1301,76,2026-04-20 07:14:09.067341,1,19,47.5,0,10.0,50.0,45.0,45.0,45.0,45.0,45.0,50.0,40.0,10.0,7.0710678118654755,43.0,45.0,10.0,10.0,0.0,10.0,0.0,0.0,1,0,0,2,0.0,0.0,0,2,3,2,2,2,2,1.375,0.0,1.375,2.75,0.5333333333333333,1,0,1,0.5,50.0,45.0,40.0,2.0,0,0,1,2,2,0.0,1
1302,76,2026-04-25 09:14:09.067341,1,15,60.0,0,19.0,47.5,48.75,45.833333333333336,45.833333333333336,45.833333333333336,47.5,50.0,40.0,10.0,5.204164998665332,44.349999999999994,46.25,-2.5,7.5,2.9166666666666643,7.5,3.7499999999999996,3.7499999999999996,0,1,0,3,0.0,0.0,0,3,4,3,2,3,3,1.375,0.0,5.083333333333333,7.833333333333333,0.339622641509434,1,0,2,0.6666666666666666,50.0,45.833333333333336,43.75,-1.0,0,1,0,2,3,0.33333333333333337,1
1303,76,2026-04-26 12:14:09.067341,1,32,64.0,0,15.0,60.0,53.75,52.5,49.375,49.375,48.75,60.0,40.0,20.0,8.260094833999588,49.044999999999995,53.125,12.5,20.0,4.375,20.0,4.999999999999999,4.999999999999999,1,0,0,4,0.0,0.0,0,4,5,4,2,4,4,2.611111111111111,2.141007248244862,1.125,8.958333333333334,0.401673640167364,1,1,2,0.5,50.0,60.0,43.75,0.0,0,1,0,2,4,0.5,1
1304,76,2026-04-27 16:14:09.067341,1,28,70.0,1,32.0,64.0,62.0,57.166666666666664,52.3,52.3,50.0,64.0,40.0,24.0,9.692780818733084,53.531499999999994,58.5625,4.0,24.0,9.700000000000003,24.0,8.249999999999996,5.799999999999998,2,0,0,5,0.0,0.0,0,5,6,5,2,5,5,2.239583333333333,1.8994928051105289,1.1666666666666667,10.125,0.449438202247191,1,2,2,0.4,50.0,62.0,43.75,-1.0,1,0,0,2,5,0.6,1
1305,76,2026-05-01 23:14:09.067341,1,31,77.5,1,28.0,70.0,67.0,64.66666666666667,58.3,55.25,55.0,70.0,40.0,30.0,11.286053340295712,58.472049999999996,64.28125,6.0,30.0,11.75,30.0,4.999999999999999,5.65,3,0,1,5,0.16666666666666666,0.3333333333333333,1,0,7,6,3,5,6,2.0249999999999995,1.713559080458629,4.291666666666667,14.416666666666666,0.3891891891891892,2,2,2,0.3333333333333333,60.0,62.0,43.75,0.0,1,0,0,3,6,0.5,1
1306,76,2026-05-03 09:14:09.067341,1,39,78.0,1,31.0,77.5,73.75,70.5,63.8,58.42857142857143,60.0,77.5,40.0,37.5,13.299212293179158,64.18043499999999,70.890625,7.5,37.5,15.32142857142857,37.5,6.749999999999993,6.999999999999997,4,0,2,5,0.2857142857142857,0.6666666666666666,2,0,8,7,3,5,7,2.4027777777777772,1.7903418874824089,1.4166666666666667,15.833333333333334,0.41584158415841577,3,2,2,0.2857142857142857,65.83333333333333,62.0,43.75,2.0,0,0,1,3,7,0.5714285714285714,1
1307,76,2026-05-04 19:14:09.067341,1,33,82.5,1,39.0,78.0,77.75,75.16666666666667,69.9,60.875,62.0,78.0,40.0,38.0,14.123814741674533,68.32630449999999,74.4453125,0.5,38.0,16.875,38.0,3.999999999999998,4.949999999999996,5,0,3,5,0.375,1.0,3,0,9,8,2,5,8,2.2619047619047614,1.6763113795681999,1.4166666666666667,17.25,0.4383561643835616,3,2,3,0.375,65.83333333333333,62.0,55.166666666666664,-1.0,0,1,0,3,8,0.625,1
1309,77,2026-06-17 21:14:09.067401,1,16,53.33,0,9.0,45.0,45.0,45.0,45.0,45.0,45.0,45.0,45.0,0.0,0.0,45.0,45.0,0.0,0.0,0.0,0.0,0.0,0.0,0,0,0,1,0.0,0.0,0,1,2,1,0,1,1,0.0,0.0,7.041666666666667,7.041666666666667,0.1243523316062176,1,0,0,0.0,45.0,45.0,45.0,1.0,0,1,0,1,1,0.0,1
1310,77,2026-06-19 23:14:09.067401,1,27,54.0,0,16.0,53.33,49.165,49.165,49.165,49.165,49.165,53.33,45.0,8.329999999999998,5.89019948728394,47.498999999999995,49.165,8.329999999999998,8.329999999999998,0.0,8.329999999999998,0.0,0.0,1,0,0,2,0.0,0.0,0,2,3,2,1,2,2,7.041666666666667,0.0,2.0833333333333335,9.125,0.19753086419753085,1,1,0,0.0,45.0,53.33,49.165,1.0,0,0,1,2,2,0.0,1
1311,77,2026-06-23 01:14:09.067401,1,28,56.0,0,27.0,54.0,53.665,50.776666666666664,50.776666666666664,50.776666666666664,53.33,54.0,45.0,9.0,5.013943890126148,49.449299999999994,51.582499999999996,0.6700000000000017,9.0,2.8883333333333354,9.0,4.5000000000000036,4.5000000000000036,2,0,0,3,0.0,0.0,0,3,4,3,2,3,3,4.5625,3.506071123383298,3.0833333333333335,12.208333333333334,0.22712933753943218,1,1,1,0.3333333333333333,45.0,53.33,54.0,0.0,0,0,1,2,3,0.33333333333333337,1
1312,77,2026-06-24 03:14:09.067401,1,35,70.0,1,28.0,56.0,55.0,54.44333333333333,52.082499999999996,52.082499999999996,53.665,56.0,45.0,11.0,4.8559817064454975,51.41450999999999,53.79125,2.0,11.0,2.917500000000004,11.0,1.3349999999999955,1.3349999999999955,3,0,0,4,0.0,0.0,0,4,5,4,3,4,4,4.069444444444445,2.6221324725695503,1.0833333333333333,13.291666666666666,0.27988338192419826,1,1,2,0.5,45.0,53.33,55.0,-1.0,0,1,0,2,4,0.5,1
1313,77,2026-06-26 09:14:09.067401,1,18,72.0,1,35.0,70.0,63.0,60.0,55.666,55.666,54.0,70.0,45.0,25.0,9.049462967491497,56.99015699999999,61.895624999999995,14.0,25.0,7.334000000000003,25.0,7.999999999999996,5.266999999999997,4,0,1,4,0.2,0.3333333333333333,1,0,6,5,3,4,5,3.322916666666667,2.6101597705461974,2.25,15.541666666666666,0.3022670025188917,1,2,2,0.4,45.0,61.665,55.0,1.0,0,0,1,3,5,0.4,1
1314,77,2026-06-29 17:14:09.067401,1,26,86.67,1,18.0,72.0,71.0,66.0,61.065999999999995,58.38833333333333,55.0,72.0,45.0,27.0,10.487173912292418,61.49310989999999,66.9478125,2.0,27.0,12.611666666666672,27.0,7.999999999999996,5.333999999999994,5,0,2,4,0.3333333333333333,0.6666666666666666,2,0,7,6,3,5,6,3.1083333333333334,2.3108289758343337,3.3333333333333335,18.875,0.3018867924528302,1,2,3,0.5,45.0,61.665,60.666666666666664,-2.0,1,0,0,3,6,0.5,1
1315,77,2026-07-02 03:14:09.067401,1,32,80.0,1,26.0,86.67,79.33500000000001,76.22333333333334,67.73400000000001,62.42857142857143,56.0,86.67,45.0,41.67,14.349750785956099,69.04617692999999,76.80890625,14.670000000000002,41.67,16.906428571428577,41.67,8.335000000000004,8.133999999999999,6,0,3,4,0.42857142857142855,1.0,3,0,8,7,2,5,7,3.1458333333333335,2.068908394406201,2.4166666666666665,21.291666666666668,0.31401869158878504,2,2,3,0.42857142857142855,65.83500000000001,61.665,60.666666666666664,2.0,0,0,1,3,7,0.5714285714285714,1
1316,77,2026-07-04 06:14:09.067401,1,22,88.0,1,32.0,80.0,83.33500000000001,79.55666666666667,72.934,64.625,63.0,86.67,45.0,41.67,14.66605799602801,72.33232385099998,78.404453125,-6.670000000000002,35.0,18.710000000000008,35.0,4.0000000000000036,6.467000000000005,0,1,4,4,0.5,1.0,4,0,9,8,2,5,8,3.041666666666667,1.9086486881599807,2.125,23.416666666666668,0.32764505119453924,2,2,4,0.5,65.83500000000001,61.665,65.5,-2.0,1,0,0,3,8,0.625,1
1318,78,2026-06-26 22:14:09.067461,1,14,56.0,0,14.0,56.0,56.0,56.0,56.0,56.0,56.0,56.0,56.0,0.0,0.0,56.0,56.0,0.0,0.0,0.0,0.0,0.0,0.0,0,0,0,1,0.0,0.0,0,1,2,1,1,1,1,0.0,0.0,1.2083333333333333,1.2083333333333333,0.45283018867924535,0,1,0,0.0,56.0,56.0,56.0,0.0,0,1,0,1,1,0.0,1
1319,78,2026-07-01 01:14:09.067461,1,28,56.0,0,14.0,56.0,56.0,56.0,56.0,56.0,56.0,56.0,56.0,0.0,0.0,56.0,56.0,0.0,0.0,0.0,0.0,0.0,0.0,0,0,0,2,0.0,0.0,0,2,3,2,2,2,2,1.2083333333333333,0.0,4.125,5.333333333333333,0.31578947368421056,0,2,0,0.0,56.0,56.0,56.0,-1.0,1,0,0,2,2,0.0,1
1320,78,2026-07-03 02:14:09.067461,1,32,64.0,0,28.0,56.0,56.0,56.0,56.0,56.0,56.0,56.0,56.0,0.0,0.0,56.0,56.0,0.0,0.0,0.0,0.0,3.17764371615651e-15,3.17764371615651e-15,0,0,0,3,0.0,0.0,0,3,4,3,2,3,3,2.6666666666666665,2.0623947784607637,2.0416666666666665,7.375,0.3582089552238806,1,2,0,0.0,56.0,56.0,56.0,1.0,0,1,0,3,3,0.0,1
1321,78,2026-07-10 04:14:09.067461,1,37,74.0,1,32.0,64.0,60.0,58.666666666666664,58.0,58.0,56.0,64.0,56.0,8.0,4.0,58.39999999999999,60.0,8.0,8.0,2.0,8.0,3.999999999999998,3.999999999999998,1,0,0,4,0.0,0.0,0,4,5,4,0,3,4,2.4583333333333335,1.5023130314433288,7.083333333333333,14.458333333333334,0.2587601078167116,1,3,0,0.0,56.0,58.666666666666664,58.0,-1.0,1,0,0,3,4,0.25,1
1322,78,2026-07-11 12:14:09.067461,1,36,72.0,1,37.0,74.0,69.0,64.66666666666667,61.2,61.2,56.0,74.0,56.0,18.0,7.9498427657407165,63.079999999999984,67.0,10.0,18.0,7.799999999999997,18.0,9.0,4.4,2,0,1,4,0.2,0.3333333333333333,1,0,6,5,1,3,5,3.614583333333333,2.6176871240905837,1.3333333333333333,15.791666666666666,0.29776674937965264,2,3,0,0.0,65.0,58.666666666666664,61.2,1.0,0,1,0,3,5,0.4,1
1324,79,2026-03-19 22:14:09.067503,1,16,53.33,0,15.0,50.0,50.0,50.0,50.0,50.0,50.0,50.0,50.0,0.0,0.0,50.0,50.0,0.0,0.0,0.0,0.0,0.0,0.0,0,0,0,1,0.0,0.0,0,1,2,1,1,1,1,0.0,0.0,4.25,4.25,0.19047619047619047,0,1,0,0.0,50.0,50.0,50.0,1.0,0,0,1,1,1,0.0,1
1325,79,2026-03-21 02:14:09.067503,1,17,68.0,0,16.0,53.33,51.665,51.665,51.665,51.665,51.665,53.33,50.0,3.3299999999999983,2.354665581351202,50.998999999999995,51.665,3.3299999999999983,3.3299999999999983,0.0,3.3299999999999983,0.0,0.0,1,0,0,2,0.0,0.0,0,2,3,2,2,2,2,4.25,0.0,1.1666666666666667,5.416666666666667,0.3116883116883117,0,1,1,0.5,51.665,50.0,53.33,-1.0,0,1,0,2,2,0.0,1
1326,79,2026-03-22 11:14:09.067503,1,25,62.5,0,17.0,68.0,60.665,57.10999999999999,57.10999999999999,57.10999999999999,53.33,68.0,50.0,18.0,9.576862743090768,56.09929999999999,59.832499999999996,14.670000000000002,18.0,3.555000000000007,18.0,8.999999999999996,8.999999999999996,2,0,0,3,0.0,0.0,0,3,4,3,3,3,3,2.7083333333333335,2.1802459086585215,1.375,6.791666666666667,0.3850267379679144,0,2,1,0.3333333333333333,57.10999999999999,59.0,53.33,1.0,0,0,1,2,3,0.33333333333333337,1
1327,79,2026-03-29 12:14:09.067503,1,13,65.0,0,25.0,62.5,65.25,61.276666666666664,58.457499999999996,58.457499999999996,57.915,68.0,50.0,18.0,8.270866036879088,58.01950999999999,61.16625,-5.5,12.5,6.792500000000004,12.5,4.5849999999999955,4.5849999999999955,0,1,0,4,0.0,0.0,0,4,5,4,0,4,4,2.263888888888889,1.7231740201452967,7.041666666666667,13.833333333333334,0.2696629213483146,0,2,2,0.5,58.457499999999996,59.0,57.915,0.0,0,0,1,3,4,0.25,1
1328,79,2026-03-31 14:14:09.067503,1,31,77.5,1,13.0,65.0,63.75,65.16666666666667,59.766,59.766,62.5,68.0,50.0,18.0,7.737330288930414,60.11365699999999,63.083124999999995,2.5,15.0,3.9840000000000018,15.0,-1.500000000000001,3.9169999999999923,1,0,0,5,0.0,0.0,0,5,6,5,1,4,5,3.4583333333333335,2.7724253989228624,2.0833333333333335,15.916666666666666,0.2955665024630542,0,2,3,0.6,59.766,59.0,60.276666666666664,-2.0,1,0,0,3,5,0.4,1
1329,79,2026-04-03 17:14:09.067503,1,19,76.0,1,31.0,77.5,71.25,68.33333333333333,65.26599999999999,62.721666666666664,63.75,77.5,50.0,27.5,10.015428930738148,65.32955989999999,70.2915625,12.5,27.5,8.528333333333336,27.5,7.499999999999993,4.533999999999994,2,0,1,5,0.16666666666666666,0.3333333333333333,1,0,7,6,2,4,6,3.1833333333333336,2.478483799512203,3.125,19.041666666666668,0.29937629937629934,1,2,3,0.5,77.5,59.0,60.276666666666664,1.0,0,1,0,3,6,0.5,1
1330,79,2026-04-08 18:14:09.067503,1,21,84.0,1,19.0,76.0,76.75,72.83333333333333,69.8,64.61857142857143,65.0,77.5,50.0,27.5,10.429689079052851,68.53069192999999,73.14578125,-1.5,26.0,12.131428571428572,26.0,5.500000000000003,3.099999999999991,0,1,2,5,0.2857142857142857,0.6666666666666666,2,0,8,7,1,3,7,3.173611111111111,2.216951213984012,5.041666666666667,24.083333333333332,0.27906976744186046,1,3,3,0.42857142857142855,77.5,64.66666666666667,60.276666666666664,-1.0,1,0,0,3,7,0.5714285714285714,1
1331,79,2026-04-14 04:14:09.067503,1,16,80.0,1,21.0,84.0,80.0,79.16666666666667,73.0,67.04124999999999,66.5,84.0,50.0,34.0,11.840338360874659,73.17148435099999,78.572890625,8.0,34.0,12.958750000000009,34.0,3.2500000000000067,5.399999999999998,1,0,3,5,0.375,1.0,3,0,9,8,1,3,8,3.4404761904761907,2.1434192384473065,5.416666666666667,29.5,0.26229508196721313,2,3,3,0.375,80.75,64.66666666666667,60.276666666666664,1.0,0,1,0,3,8,0.625,1
1332,79,2026-04-19 07:14:09.067503,1,18,90.0,1,16.0,80.0,82.0,80.0,76.5,68.4811111111111,68.0,84.0,50.0,34.0,11.888154234830196,75.22003904569999,79.2864453125,-4.0,30.0,13.518888888888895,30.0,2.0000000000000036,3.6499999999999937,0,1,4,5,0.4444444444444444,1.0,4,0,10,9,1,2,7,3.6875000000000004,2.1038277662017086,5.125,34.625,0.25263157894736843,2,4,3,0.3333333333333333,80.75,68.5,60.276666666666664,0.0,0,1,0,3,9,0.6666666666666667,1
1334,80,2026-07-06 19:14:09.067571,1,29,58.0,0,24.0,48.0,48.0,48.0,48.0,48.0,48.0,48.0,48.0,0.0,0.0,48.0,48.0,0.0,0.0,0.0,0.0,0.0,0.0,0,0,0,1,0.0,0.0,0,1,2,1,1,1,1,0.0,0.0,2.0416666666666665,2.0416666666666665,0.32876712328767127,0,1,0,0.0,48.0,48.0,48.0,0.0,0,1,0,1,1,0.0,1
1335,80,2026-07-14 03:14:09.067571,1,12,60.0,0,29.0,58.0,53.0,53.0,53.0,53.0,53.0,58.0,48.0,10.0,7.0710678118654755,50.99999999999999,53.0,10.0,10.0,0.0,10.0,0.0,0.0,1,0,0,2,0.0,0.0,0,2,3,2,0,2,2,2.0416666666666665,0.0,7.333333333333333,9.375,0.1927710843373494,0,2,0,0.0,53.0,53.0,53.0,1.0,0,0,1,1,2,0.5,1
1336,80,2026-07-18 09:14:09.067571,1,22,55.0,0,12.0,60.0,59.0,55.333333333333336,55.333333333333336,55.333333333333336,58.0,60.0,48.0,12.0,6.429100507328637,53.699999999999996,56.5,2.0,12.0,3.6666666666666643,12.0,5.999999999999998,5.999999999999998,2,0,0,3,0.0,0.0,0,3,4,3,1,3,3,4.6875,3.741773383778814,4.25,13.625,0.20512820512820512,0,2,1,0.3333333333333333,55.333333333333336,53.0,60.0,0.0,0,0,1,2,3,0.33333333333333337,1
1337,80,2026-07-19 16:14:09.067571,1,14,70.0,1,22.0,55.0,57.5,57.666666666666664,55.25,55.25,56.5,60.0,48.0,12.0,5.251983752196243,54.089999999999996,55.75,-5.0,7.0,2.25,7.0,-1.499999999999998,-1.499999999999998,0,1,0,4,0.0,0.0,0,4,5,4,2,3,4,4.541666666666667,2.6578630723028436,1.2916666666666667,14.916666666666666,0.2513089005235602,0,2,2,0.5,55.25,53.0,57.5,-2.0,1,0,0,3,4,0.25,1
1338,80,2026-07-24 00:14:09.067571,1,15,75.0,1,14.0,70.0,62.5,61.666666666666664,58.2,58.2,58.0,70.0,48.0,22.0,8.012490249604053,58.86299999999999,62.875,15.0,22.0,4.299999999999997,22.0,4.9999999999999964,4.099999999999995,1,0,1,4,0.2,0.3333333333333333,1,0,6,5,2,3,5,3.7291666666666665,2.7111096880688432,4.333333333333333,19.25,0.24691358024691357,1,2,2,0.4,70.0,53.0,57.5,0.0,1,0,0,3,5,0.4,1
1340,81,2026-05-10 07:14:09.067613,1,11,44.0,0,10.0,40.0,40.0,40.0,40.0,40.0,40.0,40.0,40.0,0.0,0.0,40.0,40.0,0.0,0.0,0.0,0.0,0.0,0.0,0,0,0,1,0.0,0.0,0,1,2,1,1,1,1,0.0,0.0,5.208333333333333,5.208333333333333,0.16107382550335572,1,0,0,0.0,40.0,40.0,40.0,1.0,0,1,0,1,1,0.0,1
1341,81,2026-05-11 10:14:09.067613,1,24,48.0,0,11.0,44.0,42.0,42.0,42.0,42.0,42.0,44.0,40.0,4.0,2.8284271247461903,41.2,42.0,4.0,4.0,0.0,4.0,0.0,0.0,1,0,0,2,0.0,0.0,0,2,3,2,2,2,2,5.208333333333333,0.0,1.125,6.333333333333333,0.27272727272727276,1,1,0,0.0,40.0,44.0,42.0,0.0,0,1,0,2,2,0.0,1
1342,81,2026-05-16 20:14:09.067613,1,17,56.67,0,24.0,48.0,46.0,44.0,44.0,44.0,44.0,48.0,40.0,8.0,4.0,43.239999999999995,45.0,4.0,8.0,2.0,8.0,4.000000000000001,4.000000000000001,2,0,0,3,0.0,0.0,0,3,4,3,2,3,3,3.1666666666666665,2.8873526898450685,5.416666666666667,11.75,0.23529411764705882,1,2,0,0.0,40.0,46.0,44.0,0.0,0,1,0,3,3,0.0,1
1343,81,2026-05-19 04:14:09.067613,1,19,63.33,0,17.0,56.67,52.335,49.55666666666667,47.167500000000004,47.167500000000004,46.0,56.67,40.0,16.67,7.127334120599838,47.26899999999999,50.835,8.670000000000002,16.67,5.167499999999997,16.67,6.335000000000002,6.335000000000002,3,0,0,4,0.0,0.0,0,4,5,4,1,3,4,3.9166666666666665,2.4198972659552673,2.3333333333333335,14.083333333333334,0.26519337016574585,1,3,0,0.0,40.0,49.55666666666667,47.167500000000004,1.0,0,0,1,3,4,0.25,1
1344,81,2026-05-23 13:14:09.067613,1,15,75.0,1,19.0,63.33,60.0,56.0,50.4,50.4,48.0,63.33,40.0,23.33,9.504969752713578,52.087299999999985,57.082499999999996,6.659999999999997,23.33,9.600000000000001,23.33,7.664999999999998,5.933000000000003,4,0,0,5,0.0,0.0,0,5,6,5,2,4,5,3.5208333333333335,2.128537360794096,4.375,18.458333333333332,0.2569593147751606,1,3,1,0.2,40.0,49.55666666666667,63.33,0.0,0,0,1,3,5,0.4,1
1345,81,2026-05-25 14:14:09.067613,1,26,86.67,1,15.0,75.0,69.16499999999999,65.0,57.4,54.5,52.335,75.0,40.0,35.0,13.15809864684104,58.961109999999984,66.04124999999999,11.670000000000002,35.0,14.664999999999992,35.0,9.164999999999992,7.732999999999998,5,0,1,5,0.16666666666666666,0.3333333333333333,1,0,7,6,2,3,6,3.6916666666666673,1.8825311713517818,2.0416666666666665,20.5,0.27906976744186046,1,3,2,0.3333333333333333,40.0,49.55666666666667,69.16499999999999,-1.0,0,1,0,3,6,0.5,1
1347,82,2026-05-11 02:14:09.067663,1,20,40.0,0,14.0,35.0,35.0,35.0,35.0,35.0,35.0,35.0,35.0,0.0,0.0,35.0,35.0,0.0,0.0,0.0,0.0,0.0,0.0,0,0,0,1,0.0,0.0,0,1,2,1,1,1,1,0.0,0.0,5.25,5.25,0.16,0,1,0,0.0,35.0,35.0,35.0,0.0,0,1,0,1,1,0.0,1
1348,82,2026-05-12 08:14:09.067663,1,19,47.5,0,20.0,40.0,37.5,37.5,37.5,37.5,37.5,40.0,35.0,5.0,3.5355339059327378,36.5,37.5,5.0,5.0,0.0,5.0,0.0,0.0,1,0,0,2,0.0,0.0,0,2,3,2,2,2,2,5.25,0.0,1.25,6.5,0.26666666666666666,0,2,0,0.0,37.5,37.5,37.5,-1.0,1,0,0,2,2,0.0,1
1349,82,2026-05-16 10:14:09.067663,1,19,47.5,0,19.0,47.5,43.75,40.833333333333336,40.833333333333336,40.833333333333336,40.0,47.5,35.0,12.5,6.2915286960589585,39.8,42.5,7.5,12.5,2.9166666666666643,12.5,6.25,6.25,2,0,0,3,0.0,0.0,0,3,4,3,2,3,3,3.25,2.8284271247461903,4.083333333333333,10.583333333333334,0.2589928057553957,1,2,0,0.0,47.5,37.5,40.833333333333336,0.0,1,0,0,3,3,0.0,1
1350,82,2026-05-18 13:14:09.067663,1,12,40.0,0,19.0,47.5,47.5,45.0,42.5,42.5,43.75,47.5,35.0,12.5,6.123724356957945,42.11,45.0,0.0,12.5,5.0,12.5,3.7499999999999982,3.7499999999999982,0,0,0,4,0.0,0.0,0,4,5,4,2,4,4,3.5277777777777772,2.0570565090637354,2.125,12.708333333333334,0.2917933130699088,2,2,0,0.0,47.5,37.5,42.5,0.0,1,0,0,3,4,0.25,1
1351,82,2026-05-19 17:14:09.067663,1,14,46.67,0,12.0,40.0,43.75,45.0,42.0,42.0,40.0,47.5,35.0,12.5,5.4198708471697,41.477,42.5,-7.5,5.0,1.75,5.0,-3.7500000000000027,1.749999999999996,0,1,0,5,0.0,0.0,0,5,6,5,2,5,5,3.177083333333333,1.820146705015224,1.1666666666666667,13.875,0.33613445378151263,3,2,0,0.0,45.0,37.5,42.0,1.0,0,1,0,3,5,0.4,1
1353,83,2026-03-09 21:14:09.067709,1,26,52.0,0,11.0,55.0,55.0,55.0,55.0,55.0,55.0,55.0,55.0,0.0,0.0,55.0,55.0,0.0,0.0,0.0,0.0,0.0,0.0,0,0,0,1,0.0,0.0,0,1,2,1,0,1,1,0.0,0.0,7.125,7.125,0.12307692307692308,0,1,0,0.0,55.0,55.0,55.0,0.0,0,1,0,1,1,0.0,1
1354,83,2026-03-11 04:14:09.067709,1,11,55.0,0,26.0,52.0,53.5,53.5,53.5,53.5,53.5,55.0,52.0,3.0,2.1213203435596424,54.1,53.5,-3.0,-3.0,0.0,-3.0,0.0,0.0,0,1,0,2,0.0,0.0,0,2,3,2,1,2,2,7.125,0.0,1.2916666666666667,8.416666666666666,0.21238938053097348,0,2,0,0.0,53.5,53.5,53.5,0.0,0,1,0,2,2,0.0,1
1355,83,2026-03-13 06:14:09.067709,1,17,56.67,0,11.0,55.0,53.5,54.0,54.0,54.0,55.0,55.0,52.0,3.0,1.7320508075688772,54.37,54.25,3.0,0.0,-0.5,0.0,-9.53293114846953e-15,-9.53293114846953e-15,1,0,0,3,0.0,0.0,0,3,4,3,2,3,3,4.208333333333333,4.1247895569215265,2.0833333333333335,10.5,0.2608695652173913,0,3,0,0.0,54.0,54.0,54.0,0.0,0,1,0,2,3,0.33333333333333337,1
1356,83,2026-03-18 09:14:09.067709,1,13,65.0,0,17.0,56.67,55.835,54.55666666666667,54.667500000000004,54.667500000000004,55.0,56.67,52.0,4.670000000000002,1.9447943335993148,55.06,55.46,1.6700000000000017,1.6700000000000017,1.1674999999999969,1.6700000000000017,2.3350000000000004,2.3350000000000004,2,0,0,4,0.0,0.0,0,4,5,4,1,3,4,3.5,3.164198599610615,5.125,15.625,0.24060150375939848,0,4,0,0.0,54.667500000000004,54.667500000000004,54.667500000000004,-1.0,1,0,0,2,4,0.5,1
1357,83,2026-03-19 15:14:09.067709,1,18,60.0,0,13.0,65.0,60.835,58.89000000000001,56.734,56.734,55.0,65.0,52.0,13.0,4.918209023618252,58.042,60.230000000000004,8.329999999999998,10.0,4.100999999999999,10.0,4.999999999999999,2.4669999999999974,3,0,0,5,0.0,0.0,0,5,6,5,2,4,5,3.90625,2.7083066237999196,1.25,16.875,0.27972027972027974,1,4,0,0.0,65.0,54.667500000000004,56.734,0.0,1,0,0,2,5,0.6,1
1358,83,2026-03-20 17:14:09.067709,1,25,62.5,0,18.0,60.0,62.5,60.55666666666667,57.734,57.278333333333336,55.835,65.0,52.0,13.0,4.596609257557866,58.6294,60.115,-5.0,5.0,5.221666666666664,5.0,1.6649999999999971,2.599999999999996,0,1,0,6,0.0,0.0,0,6,7,6,2,5,6,3.375,2.629130348402089,1.0833333333333333,17.958333333333332,0.3164835164835165,2,4,0,0.0,62.5,54.667500000000004,57.278333333333336,1.0,0,1,0,3,6,0.5,1
1359,83,2026-03-22 03:14:09.067709,1,32,64.0,0,25.0,62.5,61.25,62.5,59.834,58.02428571428572,56.67,65.0,52.0,13.0,4.637074714166454,59.79058,61.307500000000005,2.5,7.5,3.2257142857142824,7.5,-1.2500000000000029,1.833,1,0,0,7,0.0,0.0,0,7,8,7,3,6,7,2.9930555555555554,2.530839873038783,1.4166666666666667,19.375,0.34355828220858897,2,5,0,0.0,62.5,56.234,58.02428571428572,0.0,0,1,0,3,7,0.5714285714285714,1
1360,83,2026-03-26 05:14:09.067709,1,34,68.0,0,32.0,64.0,63.25,62.166666666666664,61.634,58.77125,58.335,65.0,52.0,13.0,4.784801645388687,61.053405999999995,62.65375,1.5,9.0,4.478749999999998,9.0,2.0000000000000004,1.2160000000000017,2,0,0,8,0.0,0.0,0,8,9,8,3,5,8,2.767857142857143,2.3859223921527,4.083333333333333,23.458333333333332,0.32708688245315165,2,6,0,0.0,62.5,57.528333333333336,58.77125,-1.0,1,0,0,3,8,0.625,1
1361,83,2026-03-27 11:14:09.067709,1,21,70.0,1,34.0,68.0,66.0,64.83333333333333,63.9,59.796666666666674,60.0,68.0,52.0,16.0,5.431008193696636,63.13738419999999,65.326875,4.0,13.0,6.203333333333326,13.0,2.7500000000000013,1.0000000000000002,3,0,0,9,0.0,0.0,0,9,10,9,3,5,9,2.9322916666666665,2.257366413544775,1.25,24.708333333333332,0.3500810372771475,3,6,0,0.0,64.33333333333333,57.528333333333336,59.796666666666674,0.0,1,0,0,3,9,0.6666666666666667,1
1363,84,2026-04-22 01:14:09.067775,1,12,48.0,0,10.0,50.0,50.0,50.0,50.0,50.0,50.0,50.0,50.0,0.0,0.0,50.0,50.0,0.0,0.0,0.0,0.0,0.0,0.0,0,0,0,1,0.0,0.0,0,1,2,1,1,1,1,0.0,0.0,4.166666666666667,4.166666666666667,0.1935483870967742,0,1,0,0.0,50.0,50.0,50.0,-1.0,1,0,0,1,1,0.0,1
1364,84,2026-04-27 02:14:09.067775,1,9,45.0,0,12.0,48.0,49.0,49.0,49.0,49.0,49.0,50.0,48.0,2.0,1.4142135623730951,49.4,49.0,-2.0,-2.0,0.0,-2.0,0.0,0.0,0,1,0,2,0.0,0.0,0,2,3,2,1,2,2,4.166666666666667,0.0,5.041666666666667,9.208333333333334,0.19591836734693877,1,1,0,0.0,48.0,50.0,49.0,2.0,0,0,1,2,2,0.0,1
1365,84,2026-05-02 04:14:09.067775,1,11,55.0,0,9.0,45.0,46.5,47.666666666666664,47.666666666666664,47.666666666666664,48.0,50.0,45.0,5.0,2.516611478423583,48.08,47.0,-3.0,-5.0,-1.1666666666666643,-5.0,-2.5000000000000058,-2.5000000000000058,0,2,0,3,0.0,0.0,0,3,4,3,1,2,3,4.604166666666667,0.6187184335382291,5.083333333333333,14.291666666666666,0.19618528610354224,1,1,1,0.3333333333333333,48.0,50.0,45.0,-1.0,0,1,0,2,3,0.33333333333333337,1
1366,84,2026-05-06 06:14:09.067775,1,26,52.0,0,11.0,55.0,50.0,49.333333333333336,49.5,49.5,49.0,55.0,45.0,10.0,4.203173404306164,50.156,51.0,10.0,5.0,0.5,5.0,3.5000000000000018,3.5000000000000018,1,0,0,4,0.0,0.0,0,4,5,4,1,2,4,4.763888888888889,0.5176290320440061,4.083333333333333,18.375,0.2064516129032258,1,2,1,0.25,48.0,52.5,45.0,1.0,0,0,1,2,4,0.5,1
1367,84,2026-05-07 13:14:09.067775,1,19,63.33,0,26.0,52.0,53.5,50.666666666666664,50.0,50.0,50.0,55.0,45.0,10.0,3.8078865529319543,50.709199999999996,51.5,-3.0,2.0,3.5,2.0,3.5000000000000018,1.0999999999999956,0,1,0,5,0.0,0.0,0,5,6,5,2,3,5,4.59375,0.5426006904338211,1.2916666666666667,19.666666666666668,0.24193548387096772,1,2,2,0.4,48.0,52.5,48.5,-1.0,0,1,0,3,5,0.4,1
1368,84,2026-05-14 23:14:09.067775,1,14,70.0,1,19.0,63.33,57.665,56.776666666666664,52.666,52.221666666666664,51.0,63.33,45.0,18.33,6.4198766862508085,54.49543999999999,57.415,11.329999999999998,13.329999999999998,5.443333333333335,13.329999999999998,4.165,3.765999999999996,1,0,0,6,0.0,0.0,0,6,7,6,0,3,6,3.9333333333333336,1.5496975511369953,7.416666666666667,27.083333333333332,0.2136498516320475,1,3,2,0.3333333333333333,48.0,56.10999999999999,48.5,-1.0,1,0,0,3,6,0.5,1
1369,84,2026-05-17 04:14:09.067775,1,13,65.0,0,14.0,70.0,66.66499999999999,61.776666666666664,57.065999999999995,54.76142857142857,52.0,70.0,45.0,25.0,8.916188327178508,59.146807999999986,63.707499999999996,6.670000000000002,20.0,11.903571428571425,20.0,9.0,5.832999999999991,2,0,1,6,0.14285714285714285,0.3333333333333333,1,0,8,7,1,3,7,4.513888888888889,1.9858294283544393,2.2083333333333335,29.291666666666668,0.2310866574965612,2,3,2,0.2857142857142857,59.0,56.10999999999999,48.5,2.0,0,0,1,3,7,0.5714285714285714,1
1371,85,2026-03-03 23:14:09.067829,1,23,46.0,0,9.0,45.0,45.0,45.0,45.0,45.0,45.0,45.0,45.0,0.0,0.0,45.0,45.0,0.0,0.0,0.0,0.0,0.0,0.0,0,0,0,1,0.0,0.0,0,1,2,1,1,1,1,0.0,0.0,1.375,1.375,0.42105263157894735,0,0,1,1.0,45.0,45.0,45.0,0.0,0,0,1,1,1,0.0,1
1372,85,2026-03-05 01:14:09.067829,1,11,55.0,0,23.0,46.0,45.5,45.5,45.5,45.5,45.5,46.0,45.0,1.0,0.7071067811865476,45.3,45.5,1.0,1.0,0.0,1.0,0.0,0.0,1,0,0,2,0.0,0.0,0,2,3,2,2,2,2,1.375,0.0,1.0833333333333333,2.4583333333333335,0.5783132530120482,0,0,2,1.0,45.5,45.5,45.5,-1.0,0,1,0,2,2,0.0,1
1373,85,2026-03-09 03:14:09.067829,1,27,54.0,0,11.0,55.0,50.5,48.666666666666664,48.666666666666664,48.666666666666664,46.0,55.0,45.0,10.0,5.507570547286102,48.209999999999994,50.25,9.0,10.0,1.8333333333333357,10.0,4.9999999999999964,4.9999999999999964,2,0,0,3,0.0,0.0,0,3,4,3,3,3,3,1.2291666666666665,0.2062394778460764,4.083333333333333,6.541666666666667,0.39779005524861877,0,1,2,0.6666666666666666,48.666666666666664,55.0,45.5,0.0,0,1,0,2,3,0.33333333333333337,1
1374,85,2026-03-16 13:14:09.067829,1,13,52.0,0,27.0,54.0,54.5,51.666666666666664,50.0,50.0,50.0,55.0,45.0,10.0,5.228129047119374,49.94699999999999,52.125,-1.0,9.0,4.5,9.0,3.999999999999998,3.999999999999998,0,1,0,4,0.0,0.0,0,4,5,4,0,4,4,2.1805555555555554,1.6542943555530902,7.416666666666667,13.958333333333334,0.26740947075208915,0,2,2,0.5,50.0,54.5,45.5,1.0,0,0,1,3,4,0.25,1
1375,85,2026-03-17 23:14:09.067829,1,11,55.0,0,13.0,52.0,53.0,53.666666666666664,50.4,50.4,52.0,55.0,45.0,10.0,4.61519230368573,50.56289999999999,52.0625,-2.0,7.0,2.6000000000000014,7.0,-1.499999999999995,2.199999999999999,0,2,0,5,0.0,0.0,0,5,6,5,1,4,5,3.489583333333333,2.945959057508865,1.4166666666666667,15.375,0.3053435114503817,0,2,3,0.6,50.4,54.5,47.666666666666664,0.0,0,0,1,3,5,0.4,1
1376,85,2026-03-19 00:14:09.067829,1,27,67.5,0,11.0,55.0,53.5,53.666666666666664,52.4,51.166666666666664,53.0,55.0,45.0,10.0,4.535048695071164,51.894029999999994,53.53125,3.0,10.0,2.3333333333333357,10.0,0.4999999999999961,1.5000000000000007,1,0,0,6,0.0,0.0,0,6,7,6,2,4,6,3.0749999999999997,2.714480203976035,1.0416666666666667,16.416666666666668,0.34449760765550236,0,2,4,0.6666666666666666,51.166666666666664,54.5,49.5,-2.0,1,0,0,3,6,0.5,1
1377,85,2026-03-21 04:14:09.067829,1,33,66.0,0,27.0,67.5,61.25,58.166666666666664,56.7,53.5,54.0,67.5,45.0,22.5,7.433034373659253,56.57582099999999,60.515625,12.5,22.5,7.75,22.5,7.749999999999994,2.6,2,0,0,7,0.0,0.0,0,7,8,7,3,4,7,2.7361111111111107,2.565890936165506,2.1666666666666665,18.583333333333332,0.3574468085106383,1,2,4,0.5714285714285714,67.5,54.5,49.5,0.0,1,0,0,3,7,0.5714285714285714,1
1378,85,2026-03-22 06:14:09.067829,1,33,66.0,0,33.0,66.0,66.75,62.833333333333336,58.9,55.0625,54.5,67.5,45.0,22.5,8.178532439083607,59.40307469999999,63.2578125,-1.5,21.0,11.6875,21.0,5.500000000000005,3.9499999999999984,0,1,0,8,0.0,0.0,0,8,9,8,4,5,8,2.6547619047619047,2.352194882911654,1.0833333333333333,19.666666666666668,0.3870967741935484,2,2,4,0.5,66.75,54.5,49.5,1.0,0,1,0,3,8,0.625,1
1380,86,2026-07-06 21:14:09.067889,1,22,44.0,0,13.0,43.33,43.33,43.33,43.33,43.33,43.33,43.33,43.33,0.0,0.0,43.33,43.33,0.0,0.0,0.0,0.0,0.0,0.0,0,0,0,1,0.0,0.0,0,1,2,1,1,1,1,0.0,0.0,5.291666666666667,5.291666666666667,0.15894039735099336,1,0,0,0.0,43.33,43.33,43.33,0.0,1,0,0,1,1,0.0,1
1381,86,2026-07-14 01:14:09.067889,1,9,45.0,0,22.0,44.0,43.665,43.665,43.665,43.665,43.665,44.0,43.33,0.6700000000000017,0.47376154339498805,43.53099999999999,43.665,0.6700000000000017,0.6700000000000017,0.0,0.6700000000000017,0.0,0.0,1,0,0,2,0.0,0.0,0,2,3,2,0,2,2,5.291666666666667,0.0,7.166666666666667,12.458333333333334,0.14860681114551083,2,0,0,0.0,43.665,43.665,43.665,1.0,0,1,0,2,2,0.0,1
1382,86,2026-07-21 06:14:09.067889,1,25,50.0,0,9.0,45.0,44.5,44.10999999999999,44.10999999999999,44.10999999999999,44.0,45.0,43.33,1.6700000000000017,0.8404165633779486,43.97169999999999,44.332499999999996,1.0,1.6700000000000017,0.3900000000000077,1.6700000000000017,0.8350000000000026,0.8350000000000026,2,0,0,3,0.0,0.0,0,3,4,3,0,1,3,6.229166666666667,1.3258252147247767,7.208333333333333,19.666666666666668,0.14516129032258063,2,1,0,0.0,43.665,45.0,44.10999999999999,-1.0,1,0,0,3,3,0.0,1
1383,86,2026-07-23 15:14:09.067889,1,9,45.0,0,25.0,50.0,47.5,46.333333333333336,45.582499999999996,45.582499999999996,44.5,50.0,43.33,6.670000000000002,3.023886847530289,45.78018999999999,47.16625,5.0,6.670000000000002,1.917500000000004,6.670000000000002,2.999999999999996,2.999999999999996,3,0,0,4,0.0,0.0,0,4,5,4,1,2,4,6.555555555555556,1.0947581332743639,2.375,22.041666666666668,0.1735985533453888,3,1,0,0.0,45.776666666666664,45.0,45.582499999999996,2.0,0,0,1,3,4,0.25,1
1384,86,2026-07-25 22:14:09.067889,1,14,46.67,0,9.0,45.0,47.5,46.666666666666664,45.465999999999994,45.465999999999994,45.0,50.0,43.33,6.670000000000002,2.6316876714382356,45.54613299999999,46.083124999999995,-5.0,1.6700000000000017,2.034000000000006,1.6700000000000017,3.17764371615651e-15,0.9339999999999994,0,1,0,5,0.0,0.0,0,5,6,5,2,3,5,5.510416666666667,2.27338032494606,2.2916666666666665,24.333333333333332,0.19736842105263158,3,1,1,0.2,45.776666666666664,45.0,45.0,0.0,0,0,1,3,5,0.4,1
1385,86,2026-07-28 05:14:09.067889,1,17,56.67,0,14.0,46.67,45.835,47.223333333333336,46.134,45.666666666666664,45.0,50.0,43.33,6.670000000000002,2.404626097060969,45.88329309999999,46.3765625,1.6700000000000017,3.3400000000000034,0.16833333333333655,3.3400000000000034,-1.6650000000000005,0.5339999999999995,1,0,0,6,0.0,0.0,0,6,7,6,3,3,6,4.866666666666667,2.4389062894848768,2.2916666666666665,26.625,0.2171945701357466,3,1,2,0.3333333333333333,45.776666666666664,45.0,45.835,-2.0,1,0,0,3,6,0.5,1
1386,86,2026-07-30 06:14:09.067889,1,27,54.0,0,17.0,56.67,51.67,49.446666666666665,48.668000000000006,47.23857142857143,45.0,56.67,43.33,13.340000000000003,4.702628444361121,49.11930516999999,51.52328125,10.0,13.340000000000003,4.431428571428569,13.340000000000003,5.834999999999996,2.000999999999999,2,0,0,7,0.0,0.0,0,7,8,7,3,4,7,4.437500000000001,2.421510949340882,2.0416666666666665,28.666666666666668,0.23595505617977527,4,1,2,0.2857142857142857,48.5,45.0,45.835,2.0,0,0,1,3,7,0.5714285714285714,1
1388,87,2026-07-02 20:14:09.067945,1,15,50.0,0,8.0,32.0,32.0,32.0,32.0,32.0,32.0,32.0,32.0,0.0,0.0,32.0,32.0,0.0,0.0,0.0,0.0,0.0,0.0,0,0,0,1,0.0,0.0,0,1,2,1,1,1,1,0.0,0.0,1.2083333333333333,1.2083333333333333,0.45283018867924535,0,0,1,1.0,32.0,32.0,32.0,-2.0,1,0,0,1,1,0.0,1
1389,87,2026-07-06 23:14:09.067945,1,14,46.67,0,15.0,50.0,41.0,41.0,41.0,41.0,41.0,50.0,32.0,18.0,12.727922061357855,37.4,41.0,18.0,18.0,0.0,18.0,0.0,0.0,1,0,0,2,0.0,0.0,0,2,3,2,2,2,2,1.2083333333333333,0.0,4.125,5.333333333333333,0.31578947368421056,1,0,1,0.5,50.0,41.0,32.0,2.0,0,0,1,2,2,0.0,1
1390,87,2026-07-09 01:14:09.067945,1,24,60.0,0,14.0,46.67,48.335,42.89000000000001,42.89000000000001,42.89000000000001,46.67,50.0,32.0,18.0,9.576862743090768,40.181,43.835,-3.3299999999999983,14.670000000000002,5.444999999999993,14.670000000000002,7.335,7.335,0,1,0,3,0.0,0.0,0,3,4,3,2,3,3,2.6666666666666665,2.0623947784607637,2.0833333333333335,7.416666666666667,0.35643564356435636,1,0,2,0.6666666666666666,50.0,42.89000000000001,39.335,-1.0,0,1,0,2,3,0.33333333333333337,1
1391,87,2026-07-11 09:14:09.067945,1,30,60.0,0,24.0,60.0,53.335,52.223333333333336,47.167500000000004,47.167500000000004,48.335,60.0,32.0,28.0,11.590177953767578,46.1267,51.917500000000004,13.329999999999998,28.0,6.167499999999997,28.0,5.000000000000003,5.000000000000003,1,0,0,4,0.0,0.0,0,4,5,4,2,4,4,2.472222222222222,1.4967170865053412,2.3333333333333335,9.75,0.37209302325581395,1,1,2,0.5,50.0,60.0,39.335,1.0,0,0,1,3,4,0.25,1
1392,87,2026-07-14 13:14:09.067945,1,22,73.33,1,30.0,60.0,60.0,55.55666666666667,49.734,49.734,50.0,60.0,32.0,28.0,11.562170211513063,50.288689999999995,55.95875,0.0,28.0,10.265999999999998,28.0,6.665000000000004,6.599999999999998,0,0,0,5,0.0,0.0,0,5,6,5,2,5,5,2.4375,1.2240359017973652,3.1666666666666665,12.916666666666666,0.3592814371257485,1,1,3,0.6,50.0,60.0,46.223333333333336,-1.0,0,1,0,3,5,0.4,1
1393,87,2026-07-17 20:14:09.067945,1,16,80.0,1,22.0,73.33,66.66499999999999,64.44333333333333,58.0,53.666666666666664,55.0,73.33,32.0,41.33,14.13301902166224,57.201083,64.644375,13.329999999999998,41.33,12.998333333333328,41.33,6.665,5.998999999999996,1,0,1,5,0.16666666666666666,0.3333333333333333,1,0,7,6,2,4,6,2.583333333333333,1.1090693045171804,3.2916666666666665,16.208333333333332,0.34866828087167073,1,2,3,0.5,50.0,66.66499999999999,46.223333333333336,0.0,0,1,0,3,6,0.5,1
1394,87,2026-07-21 02:14:09.067945,1,34,85.0,1,16.0,80.0,76.66499999999999,71.11,64.0,57.42857142857143,60.0,80.0,32.0,48.0,16.29464168427915,64.0407581,72.3221875,6.670000000000002,48.0,19.23642857142856,48.0,9.999999999999998,7.998999999999994,2,0,2,5,0.2857142857142857,0.6666666666666666,2,0,8,7,2,4,7,2.701388888888889,1.0332717275542591,3.25,19.458333333333332,0.3421588594704684,1,3,3,0.42857142857142855,50.0,71.11,46.223333333333336,-1.0,1,0,0,3,7,0.5714285714285714,1
1395,87,2026-07-23 12:14:09.067945,1,17,85.0,1,34.0,85.0,82.5,79.44333333333333,71.666,60.875,60.0,85.0,32.0,53.0,17.96127898723092,70.32853066999999,78.66109374999999,5.0,53.0,21.625,53.0,5.834999999999999,6.999999999999996,3,0,3,5,0.375,1.0,3,0,9,8,2,4,8,2.7797619047619047,0.9657665486312034,2.4166666666666665,21.875,0.34972677595628415,2,3,3,0.375,67.5,71.11,46.223333333333336,1.0,0,1,0,3,8,0.625,1
1396,87,2026-07-27 15:14:09.067945,1,17,85.0,1,17.0,85.0,85.0,83.33333333333333,76.666,63.55555555555556,60.0,85.0,32.0,53.0,18.6265939660953,74.72997146899999,81.830546875,0.0,53.0,21.444444444444443,53.0,2.5000000000000058,6.166999999999998,0,0,4,5,0.4444444444444444,1.0,4,0,10,9,2,4,9,2.734375,0.9032946475198972,4.125,26.0,0.3333333333333333,2,4,3,0.3333333333333333,67.5,74.5825,46.223333333333336,1.0,0,0,1,3,9,0.6666666666666667,1
1398,88,2026-05-05 20:14:09.068010,1,7,35.0,0,10.0,33.33,33.33,33.33,33.33,33.33,33.33,33.33,33.33,0.0,0.0,33.33,33.33,0.0,0.0,0.0,0.0,0.0,0.0,0,0,0,1,0.0,0.0,0,1,2,1,1,1,1,0.0,0.0,1.0833333333333333,1.0833333333333333,0.4800000000000001,0,1,0,0.0,33.33,33.33,33.33,0.0,0,1,0,1,1,0.0,1
1399,88,2026-05-06 22:14:09.068010,1,11,44.0,0,7.0,35.0,34.165,34.165,34.165,34.165,34.165,35.0,33.33,1.6700000000000017,1.1808683245815357,33.830999999999996,34.165,1.6700000000000017,1.6700000000000017,0.0,1.6700000000000017,0.0,0.0,1,0,0,2,0.0,0.0,0,2,3,2,2,2,2,1.0833333333333333,0.0,1.0833333333333333,2.1666666666666665,0.6315789473684211,0,2,0,0.0,34.165,34.165,34.165,-1.0,1,0,0,2,2,0.0,1
1400,88,2026-05-08 08:14:09.068010,1,24,48.0,0,11.0,44.0,39.5,37.443333333333335,37.443333333333335,37.443333333333335,35.0,44.0,33.33,10.670000000000002,5.739305997534314,36.881699999999995,39.082499999999996,9.0,10.670000000000002,2.056666666666665,10.670000000000002,5.334999999999997,5.334999999999997,2,0,0,3,0.0,0.0,0,3,4,3,3,3,3,1.0833333333333333,0.0,1.4166666666666667,3.5833333333333335,0.6545454545454544,1,2,0,0.0,44.0,34.165,37.443333333333335,1.0,0,1,0,2,3,0.33333333333333337,1
1401,88,2026-05-09 17:14:09.068010,1,34,68.0,0,24.0,48.0,46.0,42.333333333333336,40.082499999999996,40.082499999999996,39.5,48.0,33.33,14.670000000000002,7.058367965283004,40.217189999999995,43.54125,4.0,14.670000000000002,5.917500000000004,14.670000000000002,6.4999999999999964,6.4999999999999964,3,0,0,4,0.0,0.0,0,4,5,4,4,4,4,1.1944444444444444,0.19245008972987535,1.375,4.958333333333333,0.6713286713286714,1,3,0,0.0,44.0,38.776666666666664,40.082499999999996,-1.0,1,0,0,2,4,0.5,1
1402,88,2026-05-12 00:14:09.068010,1,21,70.0,1,34.0,68.0,58.0,53.333333333333336,45.666,45.666,44.0,68.0,33.33,34.67,13.901179086681822,48.552032999999994,55.770624999999995,20.0,34.67,12.334000000000003,34.67,11.999999999999988,8.233999999999998,4,0,0,5,0.0,0.0,0,5,6,5,4,5,5,1.2395833333333333,0.18122206042638742,2.2916666666666665,7.25,0.6060606060606061,2,3,0,0.0,56.0,38.776666666666664,45.666,0.0,1,0,0,3,5,0.4,1
1403,88,2026-05-17 05:14:09.068010,1,22,73.33,1,21.0,70.0,69.0,62.0,53.0,49.721666666666664,46.0,70.0,33.33,36.67,15.91492433744712,54.986423099999996,62.8853125,2.0,36.67,19.278333333333336,36.67,10.999999999999995,9.399999999999997,5,0,1,5,0.16666666666666666,0.3333333333333333,1,0,7,6,1,6,6,1.45,0.49599087133176595,5.208333333333333,12.458333333333334,0.4458204334365325,3,3,0,0.0,60.666666666666664,38.776666666666664,49.721666666666664,1.0,0,1,0,3,6,0.5,1
1404,88,2026-05-21 09:14:09.068010,1,31,77.5,1,22.0,73.33,71.66499999999999,70.44333333333333,60.666,53.09428571428571,48.0,73.33,33.33,40.0,17.04970953529987,60.489496169999995,68.10765624999999,3.3299999999999983,40.0,18.57071428571428,40.0,2.6649999999999987,8.065999999999999,6,0,2,5,0.2857142857142857,0.6666666666666666,2,0,8,7,1,4,7,2.076388888888889,1.597179951131461,4.166666666666667,16.625,0.3971631205673759,3,4,0,0.0,60.666666666666664,47.415,53.09428571428571,0.0,0,1,0,3,7,0.5714285714285714,1
1406,89,2026-03-17 23:14:09.068066,1,19,63.33,0,17.0,56.67,56.67,56.67,56.67,56.67,56.67,56.67,56.67,0.0,0.0,56.67,56.67,0.0,0.0,0.0,0.0,0.0,0.0,0,0,0,1,0.0,0.0,0,1,2,1,1,1,1,0.0,0.0,4.166666666666667,4.166666666666667,0.1935483870967742,0,1,0,0.0,56.67,56.67,56.67,0.0,0,1,0,1,1,0.0,1
1407,89,2026-03-21 09:14:09.068066,1,20,66.67,0,19.0,63.33,60.0,60.0,60.0,60.0,60.0,63.33,56.67,6.659999999999997,4.709331162702404,58.66799999999999,60.0,6.659999999999997,6.659999999999997,0.0,6.659999999999997,0.0,0.0,1,0,0,2,0.0,0.0,0,2,3,2,1,2,2,4.166666666666667,0.0,3.4166666666666665,7.583333333333333,0.2330097087378641,0,2,0,0.0,60.0,60.0,60.0,0.0,0,1,0,2,2,0.0,1
1408,89,2026-03-28 13:14:09.068066,1,33,66.0,0,20.0,66.67,65.0,62.223333333333336,62.223333333333336,62.223333333333336,63.33,66.67,56.67,10.0,5.091024782235236,61.06859999999999,63.335,3.3400000000000034,10.0,2.7766666666666637,10.0,4.999999999999999,4.999999999999999,2,0,0,3,0.0,0.0,0,3,4,3,0,2,3,3.791666666666667,0.5303300858899109,7.166666666666667,14.75,0.19047619047619047,0,3,0,0.0,62.223333333333336,62.223333333333336,62.223333333333336,-1.0,1,0,0,2,3,0.33333333333333337,1
1409,89,2026-04-02 16:14:09.068066,1,26,65.0,0,33.0,66.0,66.33500000000001,65.33333333333333,63.167500000000004,63.167500000000004,64.66499999999999,66.67,56.67,10.0,4.565613321340299,62.548019999999994,64.6675,-0.6700000000000017,9.329999999999998,3.167500000000004,9.329999999999998,1.3349999999999955,1.3349999999999955,0,1,0,4,0.0,0.0,0,4,5,4,1,2,4,4.916666666666667,1.9843134832984433,5.125,19.875,0.19161676646706588,1,3,0,0.0,66.0,62.223333333333336,63.167500000000004,1.0,0,1,0,3,4,0.25,1
1410,89,2026-04-09 18:14:09.068066,1,16,64.0,0,26.0,65.0,65.5,65.89,63.534000000000006,63.534000000000006,65.0,66.67,56.67,10.0,4.0379735016465865,63.28361399999999,64.83375000000001,-1.0,8.329999999999998,1.965999999999994,8.329999999999998,-0.8349999999999962,1.9329999999999963,0,2,0,5,0.0,0.0,0,5,6,5,0,2,5,4.96875,1.6235303183015848,7.083333333333333,26.958333333333332,0.17883755588673622,1,4,0,0.0,66.0,62.917500000000004,63.534000000000006,1.0,0,0,1,3,5,0.4,1
1411,89,2026-04-11 22:14:09.068066,1,19,76.0,1,16.0,64.0,64.5,65.0,65.0,63.61166666666667,64.5,66.67,56.67,10.0,3.6166803379157892,63.498529799999986,64.416875,-1.0,7.329999999999998,0.8883333333333283,7.329999999999998,-0.9999999999999986,-0.033000000000006295,0,3,0,6,0.0,0.0,0,6,7,6,1,2,6,5.391666666666667,1.694455828741356,2.1666666666666665,29.125,0.1991701244813278,1,4,1,0.16666666666666666,66.0,62.917500000000004,64.0,-1.0,0,1,0,3,6,0.5,1
1412,89,2026-04-14 01:14:09.068066,1,41,82.0,1,19.0,76.0,70.0,68.33333333333333,67.534,65.38142857142857,65.0,76.0,56.67,19.33,5.729285669759737,67.24897085999999,70.2084375,12.0,19.33,4.618571428571428,19.33,5.500000000000003,1.665999999999994,1,0,1,6,0.14285714285714285,0.3333333333333333,1,0,8,7,2,3,6,4.854166666666667,2.007581117774434,2.125,31.25,0.21705426356589147,1,5,1,0.14285714285714285,66.0,65.534,64.0,0.0,0,1,0,3,7,0.5714285714285714,1
1414,90,2026-06-24 21:14:09.068121,1,18,45.0,0,13.0,52.0,52.0,52.0,52.0,52.0,52.0,52.0,52.0,0.0,0.0,52.0,52.0,0.0,0.0,0.0,0.0,0.0,0.0,0,0,0,1,0.0,0.0,0,1,2,1,1,1,1,0.0,0.0,2.1666666666666665,2.1666666666666665,0.31578947368421056,1,0,0,0.0,52.0,52.0,52.0,2.0,0,0,1,1,1,0.0,1
1415,90,2026-07-02 06:14:09.068121,1,19,47.5,0,18.0,45.0,48.5,48.5,48.5,48.5,48.5,52.0,45.0,7.0,4.949747468305833,49.9,48.5,-7.0,-7.0,0.0,-7.0,0.0,0.0,0,1,0,2,0.0,0.0,0,2,3,2,0,2,2,2.1666666666666665,0.0,7.375,9.541666666666666,0.18972332015810278,1,0,1,0.5,52.0,48.5,45.0,-1.0,0,1,0,1,2,0.5,1
1416,90,2026-07-06 10:14:09.068121,1,12,60.0,0,19.0,47.5,46.25,48.166666666666664,48.166666666666664,48.166666666666664,47.5,52.0,45.0,7.0,3.547299442298794,49.18,48.0,2.5,-4.5,-1.9166666666666643,-4.5,-2.2500000000000018,-2.2500000000000018,1,0,0,3,0.0,0.0,0,3,4,3,1,3,3,4.770833333333333,3.682847818679935,4.166666666666667,13.708333333333334,0.20396600566572237,1,1,1,0.3333333333333333,52.0,47.5,45.0,0.0,0,1,0,2,3,0.33333333333333337,1
1417,90,2026-07-08 15:14:09.068121,1,21,52.5,0,12.0,60.0,53.75,50.833333333333336,51.125,51.125,49.75,60.0,45.0,15.0,6.587551391323891,52.425999999999995,54.0,12.5,8.0,2.625,8.0,7.500000000000001,7.500000000000001,2,0,0,4,0.0,0.0,0,4,5,4,2,3,4,4.569444444444444,2.62742392496557,2.2083333333333335,15.916666666666666,0.2364532019704434,1,2,1,0.25,52.0,53.75,45.0,1.0,0,0,1,2,4,0.5,1
1418,90,2026-07-10 16:14:09.068121,1,28,70.0,1,21.0,52.5,56.25,53.333333333333336,51.4,51.4,52.0,60.0,45.0,15.0,5.738031021177909,52.44819999999999,53.25,-7.5,0.5,4.850000000000001,0.5,2.5000000000000027,1.5999999999999956,0,1,0,5,0.0,0.0,0,5,6,5,2,3,5,3.9791666666666665,2.4486627113741233,2.0416666666666665,17.958333333333332,0.26373626373626374,1,2,2,0.4,52.0,53.75,48.75,-2.0,1,0,0,2,5,0.6,1
1419,90,2026-07-16 02:14:09.068121,1,22,73.33,1,28.0,70.0,61.25,60.833333333333336,55.0,54.5,52.25,70.0,45.0,25.0,9.16515138991168,57.713739999999994,61.625,17.5,18.0,6.75,18.0,4.999999999999993,5.499999999999998,1,0,1,5,0.16666666666666666,0.3333333333333333,1,0,7,6,1,4,6,3.5916666666666663,2.2907952888801644,5.416666666666667,23.375,0.24615384615384617,2,2,2,0.3333333333333333,61.0,53.75,48.75,1.0,0,1,0,2,6,0.6666666666666667,1
1421,91,2026-06-27 22:14:09.068171,1,12,40.0,0,8.0,40.0,40.0,40.0,40.0,40.0,40.0,40.0,40.0,0.0,0.0,40.0,40.0,0.0,0.0,0.0,0.0,0.0,0.0,0,0,0,1,0.0,0.0,0,1,2,1,1,1,1,0.0,0.0,2.25,2.25,0.3076923076923077,1,0,0,0.0,40.0,40.0,40.0,1.0,0,1,0,1,1,0.0,1
1422,91,2026-06-29 05:14:09.068171,1,13,43.33,0,12.0,40.0,40.0,40.0,40.0,40.0,40.0,40.0,40.0,0.0,0.0,40.0,40.0,0.0,0.0,0.0,0.0,0.0,0.0,0,0,0,2,0.0,0.0,0,2,3,2,2,2,2,2.25,0.0,1.2916666666666667,3.5416666666666665,0.4403669724770643,1,1,0,0.0,40.0,40.0,40.0,0.0,0,1,0,2,2,0.0,1
1423,91,2026-07-01 15:14:09.068171,1,23,46.0,0,13.0,43.33,41.665,41.11,41.11,41.11,40.0,43.33,40.0,3.3299999999999983,1.9225763964014528,40.998999999999995,41.665,3.3299999999999983,3.3299999999999983,0.5549999999999997,3.3299999999999983,1.6650000000000005,1.6650000000000005,1,0,0,3,0.0,0.0,0,3,4,3,3,3,3,1.7708333333333335,0.677643998637108,2.4166666666666665,5.958333333333333,0.4311377245508982,1,2,0,0.0,40.0,41.665,41.11,0.0,0,1,0,2,3,0.33333333333333337,1
1424,91,2026-07-04 18:14:09.068171,1,27,54.0,0,23.0,46.0,44.665,43.10999999999999,42.332499999999996,42.332499999999996,41.665,46.0,40.0,6.0,2.905550722324427,42.49929999999999,43.832499999999996,2.6700000000000017,6.0,2.332500000000003,6.0,3.000000000000001,3.000000000000001,2,0,0,4,0.0,0.0,0,4,5,4,3,4,4,1.9861111111111114,0.607152583177622,3.125,9.083333333333334,0.396694214876033,1,3,0,0.0,40.0,43.10999999999999,42.332499999999996,0.0,0,1,0,2,4,0.5,1
1425,91,2026-07-06 20:14:09.068171,1,22,55.0,0,27.0,54.0,50.0,47.776666666666664,44.666,44.666,43.33,54.0,40.0,14.0,5.792907732736643,45.94950999999999,48.91625,8.0,14.0,5.334000000000003,14.0,5.335000000000004,3.3999999999999995,3,0,0,5,0.0,0.0,0,5,6,5,2,5,5,2.2708333333333335,0.754998773607049,2.0833333333333335,11.166666666666666,0.4109589041095891,1,4,0,0.0,40.0,45.832499999999996,44.666,0.0,0,1,0,2,5,0.6,1
1427,92,2026-07-05 10:14:09.068213,1,29,58.0,0,31.0,62.0,62.0,62.0,62.0,62.0,62.0,62.0,62.0,0.0,0.0,62.0,62.0,0.0,0.0,0.0,0.0,0.0,0.0,0,0,0,1,0.0,0.0,0,1,2,1,1,1,1,0.0,0.0,1.3333333333333333,1.3333333333333333,0.4285714285714286,0,1,0,0.0,62.0,62.0,62.0,1.0,0,0,1,1,1,0.0,1
1428,92,2026-07-07 13:14:09.068213,1,15,60.0,0,29.0,58.0,60.0,60.0,60.0,60.0,60.0,62.0,58.0,4.0,2.8284271247461903,60.8,60.0,-4.0,-4.0,0.0,-4.0,0.0,0.0,0,1,0,2,0.0,0.0,0,2,3,2,2,2,2,1.3333333333333333,0.0,2.125,3.4583333333333335,0.44859813084112143,0,1,1,0.5,60.0,62.0,58.0,-2.0,1,0,0,1,2,0.5,1
1429,92,2026-07-10 21:14:09.068213,1,13,65.0,0,15.0,60.0,59.0,60.0,60.0,60.0,60.0,62.0,58.0,4.0,2.0,60.559999999999995,60.0,2.0,-2.0,-1.0,-2.0,-1.0000000000000049,-1.0000000000000049,1,0,0,3,0.0,0.0,0,3,4,3,3,3,3,1.7291666666666665,0.5597928684393502,3.3333333333333335,6.791666666666667,0.3850267379679144,1,1,1,0.3333333333333333,60.0,62.0,58.0,1.0,0,1,0,2,3,0.33333333333333337,1
1430,92,2026-07-16 03:14:09.068213,1,34,68.0,0,13.0,65.0,62.5,61.0,61.25,61.25,61.0,65.0,58.0,7.0,2.9860788111948193,61.891999999999996,62.5,5.0,3.0,1.25,3.0,3.499999999999995,3.499999999999995,2,0,0,4,0.0,0.0,0,4,5,4,1,4,4,2.263888888888889,1.007207819961994,5.25,12.041666666666666,0.30670926517571884,1,2,1,0.25,60.0,63.5,58.0,0.0,0,1,0,2,4,0.5,1
1431,92,2026-07-18 05:14:09.068213,1,30,75.0,1,34.0,68.0,66.5,64.33333333333333,62.6,62.6,62.0,68.0,58.0,10.0,3.9749213828703582,63.724399999999996,65.25,3.0,6.0,3.8999999999999986,6.0,4.000000000000001,1.8999999999999952,3,0,0,5,0.0,0.0,0,5,6,5,1,4,5,3.0104166666666665,1.7045605358479852,2.0833333333333335,14.125,0.3305785123966942,1,3,1,0.2,60.0,65.0,58.0,0.0,0,1,0,2,5,0.6,1
1432,92,2026-07-19 08:14:09.068213,1,16,80.0,1,30.0,75.0,71.5,69.33333333333333,65.2,64.66666666666667,63.5,75.0,58.0,17.0,6.186005711819758,67.10708,70.125,7.0,13.0,6.833333333333329,13.0,5.000000000000005,4.2,4,0,1,5,0.16666666666666666,0.3333333333333333,1,0,7,6,2,5,6,2.825,1.5333106882385796,1.125,15.25,0.36923076923076925,1,4,1,0.16666666666666666,60.0,67.5,58.0,0.0,0,1,0,3,6,0.5,1
1434,93,2026-03-13 02:14:09.068261,1,18,45.0,0,13.0,52.0,52.0,52.0,52.0,52.0,52.0,52.0,52.0,0.0,0.0,52.0,52.0,0.0,0.0,0.0,0.0,0.0,0.0,0,0,0,1,0.0,0.0,0,1,2,1,1,1,1,0.0,0.0,1.4166666666666667,1.4166666666666667,0.4137931034482758,0,1,0,0.0,52.0,52.0,52.0,1.0,0,0,1,1,1,0.0,1
1435,93,2026-03-14 06:14:09.068261,1,33,66.0,0,18.0,45.0,48.5,48.5,48.5,48.5,48.5,52.0,45.0,7.0,4.949747468305833,49.9,48.5,-7.0,-7.0,0.0,-7.0,0.0,0.0,0,1,0,2,0.0,0.0,0,2,3,2,2,2,2,1.4166666666666667,0.0,1.1666666666666667,2.5833333333333335,0.5581395348837209,0,1,1,0.5,48.5,52.0,45.0,-2.0,1,0,0,2,2,0.0,1
1436,93,2026-03-17 15:14:09.068261,1,31,62.0,0,33.0,66.0,55.5,54.333333333333336,54.333333333333336,54.333333333333336,52.0,66.0,45.0,21.0,10.692676621563628,54.730000000000004,57.25,21.0,14.0,1.1666666666666643,14.0,6.9999999999999964,6.9999999999999964,1,0,0,3,0.0,0.0,0,3,4,3,3,3,3,1.2916666666666667,0.1767766952966369,3.375,5.958333333333333,0.4311377245508982,1,1,1,0.3333333333333333,66.0,52.0,45.0,1.0,0,1,0,2,3,0.33333333333333337,1
1437,93,2026-03-19 21:14:09.068261,1,35,70.0,1,31.0,62.0,64.0,57.666666666666664,56.25,56.25,57.0,66.0,45.0,21.0,9.535023160258536,56.911,59.625,-4.0,10.0,7.75,10.0,8.499999999999995,8.499999999999995,0,1,0,4,0.0,0.0,0,4,5,4,3,4,4,1.9861111111111114,1.2092908083911245,2.25,8.208333333333334,0.43438914027149317,1,2,1,0.25,66.0,57.0,45.0,-1.0,1,0,0,3,4,0.25,1
1438,93,2026-03-21 03:14:09.068261,1,22,73.33,1,35.0,70.0,66.0,66.0,59.0,59.0,62.0,70.0,45.0,25.0,10.295630140987,60.8377,64.8125,8.0,18.0,7.0,18.0,1.9999999999999971,5.299999999999995,1,0,1,4,0.2,0.3333333333333333,1,0,6,5,3,5,5,2.0520833333333335,0.9961587102093349,1.25,9.458333333333334,0.4780876494023904,2,2,1,0.2,68.0,57.0,45.0,1.0,0,1,0,3,5,0.4,1
1439,93,2026-03-23 12:14:09.068261,1,14,70.0,1,22.0,73.33,71.66499999999999,68.44333333333333,63.266,61.38833333333333,64.0,73.33,45.0,28.33,10.909849525390653,64.58538999999999,69.07124999999999,3.3299999999999983,21.33,10.276666666666664,21.33,5.664999999999992,6.066000000000003,2,0,2,4,0.3333333333333333,0.6666666666666666,2,0,7,6,3,6,6,1.8916666666666668,0.9343000945449308,2.375,11.833333333333334,0.4675324675324675,2,3,1,0.16666666666666666,68.0,62.44333333333333,45.0,1.0,0,0,1,3,6,0.5,1
1440,93,2026-03-27 18:14:09.068261,1,32,80.0,1,14.0,70.0,71.66499999999999,71.11,68.26599999999999,62.61857142857143,66.0,73.33,45.0,28.33,10.477678541501815,66.20977299999998,69.535625,-3.3299999999999983,18.0,9.046428571428564,18.0,-3.17764371615651e-15,1.9329999999999936,0,1,3,4,0.42857142857142855,1.0,3,0,8,7,2,5,7,1.9722222222222223,0.8586434175596517,4.25,16.083333333333332,0.40975609756097564,2,3,2,0.2857142857142857,68.0,62.44333333333333,57.5,-2.0,1,0,0,3,7,0.5714285714285714,1
1470,97,2026-05-19 14:14:09.068597,1,12,40.0,0,12.0,60.0,60.0,60.0,60.0,60.0,60.0,60.0,60.0,0.0,0.0,60.0,60.0,0.0,0.0,0.0,0.0,0.0,0.0,0,0,0,1,0.0,0.0,0,1,2,1,1,1,1,0.0,0.0,3.4166666666666665,3.4166666666666665,0.22641509433962267,0,1,0,0.0,60.0,60.0,60.0,-1.0,1,0,0,1,1,0.0,1
1471,97,2026-05-21 22:14:09.068597,1,18,72.0,1,12.0,40.0,50.0,50.0,50.0,50.0,50.0,60.0,40.0,20.0,14.142135623730951,54.0,50.0,-20.0,-20.0,0.0,-20.0,0.0,0.0,0,1,0,2,0.0,0.0,0,2,3,2,2,2,2,3.4166666666666665,0.0,2.3333333333333335,5.75,0.2962962962962963,1,1,0,0.0,40.0,60.0,50.0,2.0,0,0,1,2,2,0.0,1
1472,97,2026-05-23 01:14:09.068597,1,17,56.67,0,18.0,72.0,56.0,57.333333333333336,57.333333333333336,57.333333333333336,60.0,72.0,40.0,32.0,16.165807537309522,59.39999999999999,61.0,32.0,12.0,-1.3333333333333357,12.0,5.999999999999998,5.999999999999998,1,0,1,2,0.3333333333333333,0.3333333333333333,1,0,4,3,3,3,3,2.875,0.7660323462854263,1.125,6.875,0.38095238095238093,1,1,1,0.3333333333333333,40.0,60.0,72.0,-2.0,1,0,0,2,3,0.33333333333333337,1
1473,97,2026-05-30 04:14:09.068597,1,10,50.0,0,17.0,56.67,64.33500000000001,56.223333333333336,57.167500000000004,57.167500000000004,58.335,72.0,40.0,32.0,13.203492909075234,58.58099999999999,58.835,-15.329999999999998,-3.3299999999999983,7.167500000000004,-3.3299999999999983,8.335,8.335,0,1,1,3,0.25,0.3333333333333333,0,1,5,4,0,4,4,2.2916666666666665,1.1464013743498003,7.125,14.0,0.26666666666666666,2,1,1,0.25,48.335,60.0,72.0,0.0,1,0,0,2,4,0.5,1
1474,97,2026-06-01 08:14:09.068597,1,19,76.0,1,10.0,50.0,53.335,59.55666666666667,55.734,55.734,56.67,72.0,40.0,32.0,11.875343363456906,56.00669999999999,54.417500000000004,-6.670000000000002,-10.0,-2.399000000000001,-10.0,-11.000000000000002,-0.3330000000000033,0,2,1,4,0.2,0.3333333333333333,0,2,6,5,1,4,5,3.5,2.5916086095676536,2.1666666666666665,16.166666666666668,0.2912621359223301,3,1,1,0.2,48.89000000000001,60.0,72.0,1.0,0,1,0,3,5,0.4,1
1476,98,2026-04-03 00:14:09.068654,1,17,68.0,0,24.0,48.0,48.0,48.0,48.0,48.0,48.0,48.0,48.0,0.0,0.0,48.0,48.0,0.0,0.0,0.0,0.0,0.0,0.0,0,0,0,1,0.0,0.0,0,1,2,1,1,1,1,0.0,0.0,2.2083333333333335,2.2083333333333335,0.3116883116883117,0,1,0,0.0,48.0,48.0,48.0,0.0,0,1,0,1,1,0.0,1
1477,98,2026-04-04 09:14:09.068654,1,16,64.0,0,17.0,68.0,58.0,58.0,58.0,58.0,58.0,68.0,48.0,20.0,14.142135623730951,53.99999999999999,58.0,20.0,20.0,0.0,20.0,0.0,0.0,1,0,0,2,0.0,0.0,0,2,3,2,2,2,2,2.2083333333333335,0.0,1.375,3.5833333333333335,0.4363636363636363,0,2,0,0.0,58.0,58.0,58.0,-1.0,1,0,0,2,2,0.0,1
1478,98,2026-04-05 17:14:09.068654,1,14,56.0,0,16.0,64.0,66.0,60.0,60.0,60.0,64.0,68.0,48.0,20.0,10.583005244258363,56.999999999999986,61.0,-4.0,16.0,6.0,16.0,7.999999999999996,7.999999999999996,0,1,0,3,0.0,0.0,0,3,4,3,3,3,3,1.7916666666666667,0.5892556509887897,1.3333333333333333,4.916666666666667,0.5070422535211268,1,2,0,0.0,64.0,58.0,60.0,1.0,0,1,0,2,3,0.33333333333333337,1
1479,98,2026-04-08 02:14:09.068654,1,20,66.67,0,14.0,56.0,60.0,62.666666666666664,59.0,59.0,60.0,68.0,48.0,20.0,8.86942313043338,56.69999999999999,58.5,-8.0,8.0,1.0,8.0,-6.000000000000002,-6.000000000000002,0,2,0,4,0.0,0.0,0,4,5,4,3,4,4,1.638888888888889,0.493593212331024,2.375,7.291666666666667,0.48241206030150746,1,3,0,0.0,64.0,57.333333333333336,59.0,-1.0,1,0,0,2,4,0.5,1
1480,98,2026-04-11 04:14:09.068654,1,30,60.0,0,20.0,66.67,61.335,62.223333333333336,60.534000000000006,60.534000000000006,64.0,68.0,48.0,20.0,8.412239891966943,59.69099999999999,62.585,10.670000000000002,18.67,0.8009999999999948,18.67,1.3349999999999955,2.533999999999999,1,0,0,5,0.0,0.0,0,5,6,5,3,5,5,1.8229166666666667,0.5457909228646823,3.0833333333333335,10.375,0.43956043956043955,2,3,0,0.0,65.33500000000001,57.333333333333336,60.534000000000006,0.0,1,0,0,2,5,0.6,1
1482,99,2026-04-15 19:14:09.068751,1,15,50.0,0,14.0,70.0,70.0,70.0,70.0,70.0,70.0,70.0,70.0,0.0,0.0,70.0,70.0,0.0,0.0,0.0,0.0,0.0,0.0,0,0,1,0,1.0,1.0,1,0,2,1,1,1,1,0.0,0.0,1.2083333333333333,1.2083333333333333,0.45283018867924535,0,1,0,0.0,70.0,70.0,70.0,0.0,0,1,0,1,1,0.0,1
1483,99,2026-04-20 02:14:09.068751,1,12,60.0,0,15.0,50.0,60.0,60.0,60.0,60.0,60.0,70.0,50.0,20.0,14.142135623730951,64.0,60.0,-20.0,-20.0,0.0,-20.0,0.0,0.0,0,1,1,1,0.5,0.5,0,1,3,2,2,2,2,1.2083333333333333,0.0,4.291666666666667,5.5,0.3076923076923077,0,2,0,0.0,60.0,60.0,60.0,0.0,0,1,0,2,2,0.0,1
1484,99,2026-04-22 10:14:09.068751,1,15,50.0,0,12.0,60.0,55.0,60.0,60.0,60.0,60.0,70.0,50.0,20.0,10.0,62.8,60.0,10.0,-10.0,-5.0,-10.0,-5.000000000000005,-5.000000000000005,1,0,1,2,0.3333333333333333,0.3333333333333333,0,2,4,3,2,3,3,2.75,2.180245908658522,2.3333333333333335,7.833333333333333,0.339622641509434,0,3,0,0.0,60.0,60.0,60.0,0.0,0,1,0,2,3,0.33333333333333337,1
1485,99,2026-04-23 15:14:09.068751,1,14,46.67,0,15.0,50.0,55.0,53.333333333333336,57.5,57.5,55.0,70.0,50.0,20.0,9.574271077563381,58.959999999999994,55.0,-10.0,-20.0,-2.5,-20.0,-3.17764371615651e-15,-3.17764371615651e-15,0,1,1,3,0.25,0.0,0,3,5,4,2,4,4,2.611111111111111,1.5603225568713293,1.2083333333333333,9.041666666666666,0.39834024896265563,0,4,0,0.0,57.5,57.5,57.5,-1.0,1,0,0,3,4,0.25,1
1486,99,2026-04-24 18:14:09.068751,1,28,70.0,1,14.0,46.67,48.335,52.223333333333336,55.334,55.334,50.0,70.0,46.67,23.33,9.60248821920652,55.27299999999999,50.835,-3.3299999999999983,-23.33,-6.999000000000002,-23.33,-6.665000000000004,-4.6660000000000075,0,2,1,4,0.2,0.0,0,4,6,5,3,5,5,2.260416666666667,1.454309926085603,1.125,10.166666666666666,0.44776119402985076,1,4,0,0.0,46.67,57.5,55.334,1.0,0,1,0,3,5,0.4,1
1488,100,2026-03-12 01:14:09.068804,1,28,56.0,0,28.0,70.0,70.0,70.0,70.0,70.0,70.0,70.0,70.0,0.0,0.0,70.0,70.0,0.0,0.0,0.0,0.0,0.0,0.0,0,0,1,0,1.0,1.0,1,0,2,1,1,1,1,0.0,0.0,1.0833333333333333,1.0833333333333333,0.4800000000000001,1,0,0,0.0,70.0,70.0,70.0,1.0,0,1,0,1,1,0.0,1
1489,100,2026-03-13 08:14:09.068804,1,27,54.0,0,28.0,56.0,63.0,63.0,63.0,63.0,63.0,70.0,56.0,14.0,9.899494936611665,65.8,63.0,-14.0,-14.0,0.0,-14.0,0.0,0.0,0,1,1,1,0.5,0.5,0,1,3,2,2,2,2,1.0833333333333333,0.0,1.2916666666666667,2.375,0.5925925925925926,1,1,0,0.0,70.0,56.0,63.0,0.0,0,1,0,1,2,0.5,1
1490,100,2026-03-17 16:14:09.068804,1,25,50.0,0,27.0,54.0,55.0,60.0,60.0,60.0,56.0,70.0,54.0,16.0,8.717797887081348,62.25999999999999,58.5,-2.0,-16.0,-5.0,-16.0,-8.000000000000005,-8.000000000000005,0,2,1,2,0.3333333333333333,0.3333333333333333,0,2,4,3,3,3,3,1.1875,0.14731391274719752,4.333333333333333,6.708333333333333,0.3891891891891892,1,2,0,0.0,70.0,55.0,60.0,0.0,0,1,0,2,3,0.33333333333333337,1
1491,100,2026-03-20 21:14:09.068804,1,17,42.5,0,25.0,50.0,52.0,53.333333333333336,57.5,57.5,55.0,70.0,50.0,20.0,8.698658900466592,58.581999999999994,54.25,-4.0,-20.0,-5.5,-20.0,-3.0000000000000058,-3.0000000000000058,0,3,1,3,0.25,0.0,0,3,5,4,1,4,4,2.236111111111111,1.8192323879816676,3.2083333333333335,9.916666666666666,0.366412213740458,1,3,0,0.0,70.0,53.333333333333336,57.5,0.0,0,1,0,2,4,0.5,1
1492,100,2026-03-22 07:14:09.068804,1,19,38.0,0,17.0,42.5,46.25,48.833333333333336,54.5,54.5,54.0,70.0,42.5,27.5,10.087120500916008,53.75739999999999,48.375,-7.5,-27.5,-8.25,-27.5,-5.749999999999994,-6.099999999999999,0,4,1,4,0.2,0.0,0,4,6,5,2,5,5,2.4791666666666665,1.562916611125921,1.4166666666666667,11.333333333333334,0.4054054054054054,1,4,0,0.0,70.0,50.625,54.5,1.0,0,0,1,2,5,0.6,1
